id,price,area,rooms,heating,maintenance_fee,condition,market,ownership,advertiser_type,year_built,elevator,building_type,windows,district,neighborhood,street,current_floor,total_floors,gated_area,monitoring,security_guard,balcony,parking,terrace,garden,basement,utility_rooms,non_smokers_only,students_allowed,separate_kitchen
348093453,5000,95.0,4,brak informacji,1,do zamieszkania,,,prywatny,,True,,,Ursynów,Stary Imielin,ul. Pustułeczki,2,3,True,False,False,True,True,False,False,True,False,False,False,False
531093453,4900,52.8,3,miejskie,,do zamieszkania,,,prywatny,,True,blok,plastikowe,Ursynów,Natolin,ul. Na Uboczu 16,1,10,,,,True,False,False,False,False,False,False,True,True
521093453,3000,45.0,2,gazowe,800,do zamieszkania,,,prywatny,1986,False,blok,plastikowe,Ursynów,Natolin,ul. Na Uboczu,1,4,,,,True,False,False,False,True,False,False,False,True
630093453,2500,35.0,1,miejskie,650,do zamieszkania,,,biuro nieruchomości,2006,True,apartamentowiec,,Mokotów,Stegny,al. Aleja Wilanowska,3,5,True,True,True,True,False,True,False,False,False,False,True,True
857093454,4500,76.1,3,miejskie,940,do zamieszkania,,,biuro nieruchomości,1996,False,apartamentowiec,,Ursynów,Natolin,ul. Pachnąca 81,2,3,False,True,True,False,True,True,False,False,False,False,False,True
709093454,4200,42.0,2,miejskie,520,do zamieszkania,,,prywatny,2025,True,blok,plastikowe,Ursynów,Ursynów-Centrum,,2,6,False,True,True,True,True,False,False,False,False,False,True,False
956093454,4400,83.0,3,miejskie,1,do zamieszkania,,,biuro nieruchomości,2002,True,apartamentowiec,plastikowe,Mokotów,Stegny,al. Aleja Wilanowska,4,8,True,True,True,True,True,True,False,False,False,False,True,False
769093454,4000,56.0,2,miejskie,,do zamieszkania,,,prywatny,,True,blok,plastikowe,Ursynów,Natolin,al. Aleja Komisji Edukacji Narodowej,7,15,True,True,True,True,True,False,False,False,False,True,False,False
723093454,3000,48.57,2,inne,820,brak informacji,,,biuro nieruchomości,2008,False,blok,plastikowe,Ursynów,Natolin,ul. Nowoursynowska,0,4,True,False,False,,,,,,,,,
316093454,3600,65.0,3,miejskie,1,do zamieszkania,,,prywatny,1992,False,blok,plastikowe,Ursynów,Ursynów Północny,ul. Okaryny,1,3,False,True,True,True,True,False,False,False,False,False,True,True
802093454,3500,48.0,2,miejskie,850,do zamieszkania,,,prywatny,1975,False,blok,plastikowe,Ursynów,Ursynów Północny,ul. Służby Polsce,3,4,,,,True,False,False,False,True,False,False,True,True
123093454,7650,75.0,4,miejskie,1,do zamieszkania,,,prywatny,2023,True,apartamentowiec,drewniane,Ursynów,Wyczółki,ul. Kłobucka,6,10,True,True,True,True,True,True,False,False,False,False,True,False
300093454,3000,53.3,2,miejskie,600,do zamieszkania,,,biuro nieruchomości,2008,True,apartamentowiec,plastikowe,Ursynów,Natolin,ul. Filipiny Płaskowickiej,3,3,True,True,True,True,True,False,False,False,False,False,True,True
171093454,9500,105.0,4,miejskie,1,do zamieszkania,,,prywatny,2018,True,apartamentowiec,,Ursynów,Kabaty,ul. Stefana Dembego,0,3,True,True,True,False,True,True,True,False,True,True,False,False
217093454,3400,50.0,2,miejskie,800,do zamieszkania,,,prywatny,,True,blok,plastikowe,Ursynów,Stary Imielin,ul. Alternatywy,3,4,True,True,True,True,True,False,False,False,False,True,False,False
664093454,4000,90.0,3,miejskie,1,do zamieszkania,,,prywatny,2004,True,blok,drewniane,Ursynów,Natolin,ul. Jana Rosoła,0,3,False,True,True,False,True,True,False,False,True,False,False,True
579093454,3500,46.0,2,miejskie,861,do zamieszkania,,,prywatny,,True,blok,plastikowe,Ursynów,Natolin,ul. Na Uboczu,2,5,,,,True,True,False,False,False,False,True,True,False
474093455,3200,53.0,2,miejskie,1,do zamieszkania,,,prywatny,,True,blok,plastikowe,Ursynów,Ursynów Północny,ul. Oskara Sosnowskiego,2,,,,,True,False,False,False,True,False,False,True,True
469093455,3900,67.0,3,brak informacji,1,do zamieszkania,,,prywatny,1984,True,blok,plastikowe,Ursynów,Ursynów-Centrum,ul. Polinezyjska,8,10,,,,True,False,False,False,True,False,True,True,True
276093455,3950,63.4,3,miejskie,1,do zamieszkania,,,prywatny,,False,blok,,Ursynów,Natolin,ul. Stanisława Kazury,1,3,,,,True,False,False,False,False,False,False,False,True
255093455,5000,95.0,4,brak informacji,1,do zamieszkania,,,prywatny,,True,,,Ursynów,Stary Imielin,ul. Pustułeczki,2,3,True,False,False,True,True,False,False,True,False,False,False,False
475093455,4500,78.0,3,miejskie,1,do zamieszkania,,,prywatny,2002,True,blok,plastikowe,Ursynów,Kabaty,ul. Pála Telekiego,2,3,True,True,True,True,True,False,False,False,False,False,True,False
676093455,3500,38.0,2,brak informacji,800,do zamieszkania,,,biuro nieruchomości,2022,False,apartamentowiec,,Ursynów,Wyczółki,ul. Kłobucka,1,4,False,True,True,True,True,False,False,False,False,False,False,False
730093455,2550,33.0,1,miejskie,670,do zamieszkania,,,prywatny,2004,True,blok,plastikowe,Ursynów,Ursynów-Centrum,al. Aleja Komisji Edukacji Narodowej,5,7,True,True,True,True,False,True,False,True,True,True,True,False
976093455,2700,48.86,2,miejskie,1,brak informacji,,,biuro nieruchomości,1980,False,blok,plastikowe,Ursynów,Ursynów-Centrum,ul. Stanisława Kulczyńskiego,0,4,,,,False,True,False,True,False,False,False,False,False
429093455,3300,45.0,2,brak informacji,800,brak informacji,,,prywatny,,True,apartamentowiec,,Ursynów,Ursynów-Centrum,ul. Nugat,,,,,,True,True,False,False,False,False,True,False,False
447093455,8300,110.0,4,miejskie,,do zamieszkania,,,prywatny,2008,True,blok,plastikowe,Ursynów,Stary Imielin,ul. Alternatywy,1,7,True,True,True,True,True,False,False,False,False,False,False,False
859093455,4816,61.1,3,miejskie,641,do zamieszkania,,,biuro nieruchomości,2022,True,apartamentowiec,,Mokotów,Służewiec,ul. Bokserska,3,,True,True,True,True,True,False,False,False,False,True,True,False
420093455,3600,36.0,2,miejskie,480,do zamieszkania,,,prywatny,,False,,plastikowe,Mokotów,Służew,ul. Bokserska,0,5,,,,,,,,,,,,
989093455,3500,40.0,2,miejskie,670,do zamieszkania,,,prywatny,2019,True,blok,drewniane,Ursynów,Stary Służew,ul. Fort Służew 1,1,4,True,True,True,False,False,False,False,False,False,True,True,True
982093456,3400,54.5,2,brak informacji,950,do zamieszkania,,,prywatny,2014,True,apartamentowiec,plastikowe,Ursynów,Ursynów-Centrum,al. Aleja Komisji Edukacji Narodowej,,10,True,True,True,,,,,,,,,
939093455,4900,52.8,3,miejskie,,do zamieszkania,,,prywatny,,True,blok,plastikowe,Ursynów,Natolin,ul. Na Uboczu 16,1,10,,,,True,False,False,False,False,False,False,True,True
326093456,3500,57.0,2,brak informacji,770,do zamieszkania,,,prywatny,2005,True,,,Ursynów,Stary Imielin,ul. Indiry Gandhi,6,,True,True,True,True,True,False,False,False,False,False,True,True
464093456,4084,45.1,2,miejskie,474,do zamieszkania,,,biuro nieruchomości,2022,True,apartamentowiec,plastikowe,Mokotów,Służew,ul. Bokserska,4,,True,True,True,True,True,False,False,False,False,True,True,False
702093456,3700,57.0,2,miejskie,850,do zamieszkania,,,prywatny,2001,True,apartamentowiec,plastikowe,Ursynów,Natolin,ul. Natolińska,,16,True,False,False,True,True,False,False,False,False,True,False,False
167093456,5508,68.4,3,miejskie,718,do zamieszkania,,,biuro nieruchomości,2022,True,apartamentowiec,,Mokotów,Służew,ul. Bokserska,4,,True,True,True,True,True,False,False,False,False,True,True,False
428093456,3700,49.0,2,brak informacji,800,do zamieszkania,,,prywatny,,True,blok,plastikowe,Ursynów,Natolin,ul. Na Uboczu,5,10,,,,True,False,False,False,False,False,False,True,True
331093456,3000,30.0,2,miejskie,600,do zamieszkania,,,prywatny,1984,True,blok,plastikowe,Ursynów,Ursynów-Centrum,ul. Jana Wasilkowskiego,7,,,,,True,False,False,False,False,False,True,True,True
786093456,9500,125.0,4,miejskie,,do zamieszkania,,,prywatny,2006,True,apartamentowiec,drewniane,Ursynów,Natolin,,2,7,True,True,True,True,True,True,False,False,True,True,False,True
404093457,3100,32.0,2,miejskie,575,do zamieszkania,,,prywatny,2018,True,blok,,Ursynów,Wyczółki,ul. Kłobucka,1,5,True,True,True,True,False,False,False,False,False,True,False,False
230093456,2300,31.0,1,miejskie,500,do zamieszkania,,,prywatny,2003,True,apartamentowiec,plastikowe,Ursynów,Ursynów-Centrum,al. Aleja Komisji Edukacji Narodowej,2,14,,,,True,False,False,False,True,False,False,True,False
522093457,5000,91.0,4,miejskie,1,do zamieszkania,,,prywatny,2005,True,blok,plastikowe,Ursynów,Kabaty,ul. Melchiora Wańkowicza,4,5,True,True,True,True,True,True,False,False,False,True,False,False
624093456,3500,46.0,2,brak informacji,777,do zamieszkania,,,prywatny,2020,True,blok,drewniane,Ursynów,Wyczółki,ul. Kłobucka,1,,False,True,True,True,True,False,False,False,False,True,False,True
622093457,2500,31.0,1,miejskie,700,do zamieszkania,,,prywatny,,True,blok,plastikowe,Ursynów,Stary Imielin,ul. rtm. Witolda Pileckiego,1,4,True,True,True,,,,,,,,,
948093457,2500,34.0,1,miejskie,800,do zamieszkania,,,prywatny,2006,True,apartamentowiec,,Ursynów,Pyry,,1,7,True,True,True,True,True,False,False,False,False,True,False,True
127093457,3700,58.4,2,miejskie,900,do zamieszkania,,,prywatny,2003,True,blok,drewniane,Ursynów,Natolin,Al. K.E.N.,5,,False,True,True,True,False,False,False,True,False,False,False,False
606093457,3000,63.0,3,miejskie,1,do zamieszkania,,,prywatny,,True,blok,plastikowe,Ursynów,Natolin,,4,10,,,,True,False,False,False,True,True,True,True,True
592093457,2950,42.0,2,miejskie,800,do zamieszkania,,,prywatny,2004,True,apartamentowiec,drewniane,Mokotów,Służew,al. Aleja Wyścigowa,,13,True,True,True,True,True,False,False,False,False,False,False,False
608093457,2000,28.0,1,gazowe,500,do zamieszkania,,,biuro nieruchomości,2010,False,apartamentowiec,plastikowe,Ursynów,Stary Imielin,,1,2,,,,,,,,,,,,
453093457,7000,111.0,4,gazowe,1,do zamieszkania,,,biuro nieruchomości,2000,True,apartamentowiec,,Ursynów,Kabaty,ul. Przy Bażantarni,3,4,,,,True,True,False,False,True,False,False,False,False
876093457,4000,47.0,2,miejskie,800,do zamieszkania,,,prywatny,2022,False,blok,plastikowe,Ursynów,Wyczółki,ul. Kłobucka,0,4,False,True,True,False,True,True,True,False,False,False,True,True
766093457,4500,64.0,3,miejskie,,do zamieszkania,,,prywatny,,True,blok,plastikowe,Ursynów,Ursynów-Centrum,ul. Jana Rosoła,4,6,True,True,True,True,True,False,False,True,True,False,True,True
440093457,2800,54.0,2,miejskie,1,do zamieszkania,,,biuro nieruchomości,,True,blok,plastikowe,Ursynów,Stary Imielin,ul. Puławska,3,,True,True,True,True,True,False,False,False,False,True,True,False
265093457,2800,48.0,2,miejskie,950,do zamieszkania,,,prywatny,2004,True,blok,plastikowe,Ursynów,Kabaty,ul. Kazimierza Jeżewskiego,4,5,True,True,True,True,True,False,False,False,False,True,True,False
956093457,2900,38.3,2,miejskie,800,do zamieszkania,,,prywatny,2005,True,blok,,Ursynów,Ursynów Północny,ul. Wojciecha Bogumiła Jastrzębowskiego,4,7,True,True,True,True,False,False,False,False,True,True,False,False
590093457,4300,40.69,2,miejskie,750,do zamieszkania,,,prywatny,2025,True,apartamentowiec,plastikowe,Ursynów,Ursynów-Centrum,ul. Józefa Feliksa Ciszewskiego,7,11,True,True,True,True,True,False,False,False,False,True,False,False
790093458,3600,58.0,2,miejskie,830,do zamieszkania,,,biuro nieruchomości,2005,False,apartamentowiec,,Ursynów,Pyry,ul. Nugat 5,1,3,True,True,True,True,True,False,False,True,False,False,False,False
293093458,3500,64.0,3,miejskie,1,do zamieszkania,,,biuro nieruchomości,,False,blok,plastikowe,Ursynów,Kabaty,ul. Stefana Dembego,3,4,,,,True,False,False,False,False,False,False,True,True
181093458,3000,50.0,2,brak informacji,680,do zamieszkania,,,biuro nieruchomości,2000,False,blok,plastikowe,Ursynów,Stary Imielin,ul. rtm. Witolda Pileckiego,2,4,True,False,False,,,,,,,,,
925093458,3900,73.0,3,miejskie,800,do zamieszkania,,,prywatny,,True,apartamentowiec,,Ursynów,Kabaty,ul. Melchiora Wańkowicza,3,,True,True,True,,,,,,,,,
972093458,3500,63.0,3,miejskie,1,do zamieszkania,,,prywatny,2000,False,blok,plastikowe,Ursynów,Ursynów-Centrum,al. Aleja Komisji Edukacji Narodowej,1,4,True,True,True,True,True,True,False,False,True,True,True,True
246093458,4900,65.5,3,miejskie,1,do zamieszkania,,,biuro nieruchomości,2022,True,apartamentowiec,,Ursynów,Wyczółki,ul. Kłobucka,3,4,False,True,True,True,True,False,False,False,True,False,False,False
143093458,2850,56.0,2,miejskie,1,brak informacji,,,biuro nieruchomości,2004,True,,drewniane,Ursynów,Natolin,,,,False,True,True,,,,,,,,,
415093458,7500,108.0,4,miejskie,1,do zamieszkania,,,prywatny,2006,True,apartamentowiec,drewniane,Ursynów,Natolin,al. Aleja Komisji Edukacji Narodowej,0,5,True,True,True,True,True,True,True,False,False,False,False,True
429093458,5500,70.0,2,miejskie,1,do zamieszkania,,,prywatny,2023,True,apartamentowiec,drewniane,Ursynów,Kabaty,ul. Jerzego Iwanowa-Szajnowicza,2,5,,,,True,True,False,False,False,False,True,False,False
769093458,2900,35.0,2,miejskie,600,brak informacji,,,biuro nieruchomości,2001,True,apartamentowiec,,Ursynów,Kabaty,ul. Wąwozowa,4,4,True,True,True,True,True,False,False,True,False,False,False,False
917093458,3200,49.5,2,brak informacji,800,do zamieszkania,,,prywatny,,False,blok,plastikowe,Ursynów,Stary Imielin,,0,2,True,True,True,True,False,False,True,False,False,True,False,False
784093458,4650,58.0,3,miejskie,1,do zamieszkania,,,prywatny,,True,apartamentowiec,drewniane,Ursynów,Wyczółki,ul. Kłobucka,10,10,True,True,True,True,True,False,False,False,False,True,False,False
587093459,6300,79.0,3,brak informacji,982,brak informacji,,,biuro nieruchomości,,False,apartamentowiec,plastikowe,Ursynów,Ursynów Północny,al. Aleja Wyścigowa,,,True,True,True,True,True,False,False,False,False,True,False,False
265093458,6000,65.0,3,miejskie,500,brak informacji,,,biuro nieruchomości,,True,apartamentowiec,,Ursynów,Natolin,ul. Belgradzka,2,10,True,True,True,True,True,False,False,False,False,False,False,False
779093459,8000,127.0,5,miejskie,,do zamieszkania,,,biuro nieruchomości,2000,True,blok,,Ursynów,Ursynów Północny,al. Aleja Komisji Edukacji Narodowej,5,7,False,True,True,True,True,True,False,False,False,False,False,False
100093459,3400,50.0,2,miejskie,,do zamieszkania,,,biuro nieruchomości,2005,True,apartamentowiec,,Ursynów,Kabaty,ul. Kazimierza Jeżewskiego,1,4,False,True,True,True,True,False,False,False,False,False,False,True
322093459,5000,90.0,3,miejskie,1,do zamieszkania,,,biuro nieruchomości,,True,apartamentowiec,,Ursynów,Natolin,,1,,True,True,True,True,True,False,False,True,False,False,False,False
335093459,2100,36.0,1,brak informacji,800,brak informacji,,,prywatny,,False,,,Ursynów,Pyry,,,,,,,,,,,,,,,
666093459,12900,195.0,7,gazowe,1,do zamieszkania,,,prywatny,2005,True,blok,plastikowe,Ursynów,Kabaty,ul. Melchiora Wańkowicza,4,5,True,True,True,True,True,True,False,False,True,False,False,True
555093459,2500,35.0,1,miejskie,650,do zamieszkania,,,biuro nieruchomości,2006,True,apartamentowiec,,Mokotów,Stegny,al. Aleja Wilanowska,3,5,True,True,True,True,False,True,False,False,False,False,True,True
333093501,3600,65.0,3,miejskie,1,do zamieszkania,,,prywatny,1992,False,blok,plastikowe,Ursynów,Ursynów Północny,ul. Okaryny,1,3,False,True,True,True,True,False,False,False,False,False,True,True
939093501,5000,91.0,4,miejskie,1,do zamieszkania,,,prywatny,2005,True,blok,plastikowe,Ursynów,Kabaty,ul. Melchiora Wańkowicza,4,5,True,True,True,True,True,True,False,False,False,True,False,False
959093501,3600,53.0,3,brak informacji,1,do zamieszkania,,,prywatny,,False,blok,,Ursynów,Ursynów Północny,ul. Edwarda Dembowskiego,3,3,,,,True,False,False,False,False,False,False,True,True
670093501,5500,79.0,3,miejskie,1,do zamieszkania,,,biuro nieruchomości,2005,True,apartamentowiec,,Ursynów,Kabaty,al. Aleja Komisji Edukacji Narodowej,3,3,False,True,True,False,True,True,False,False,False,False,False,False
720093501,4500,64.0,3,miejskie,850,do zamieszkania,,,biuro nieruchomości,1984,True,blok,,Ursynów,Ursynów Północny,ul. Koński Jar,1,4,True,False,False,True,True,False,False,False,False,False,False,True
888093501,2700,54.0,2,miejskie,1,do zamieszkania,,,biuro nieruchomości,2002,True,blok,plastikowe,Ursynów,Kabaty,ul. Melchiora Wańkowicza,1,6,True,True,True,True,True,False,False,False,False,True,False,False
193093501,4000,64.4,3,miejskie,1,do zamieszkania,,,prywatny,2025,True,blok,plastikowe,Ursynów,Ursynów-Centrum,ul. Józefa Feliksa Ciszewskiego,2,4,False,True,True,True,True,True,False,True,True,True,True,True
484093501,2500,56.0,3,miejskie,,do zamieszkania,,,biuro nieruchomości,1981,True,blok,,Ursynów,Ursynów-Centrum,ul. Stanisława Kulczyńskiego,4,10,,,,,,,,,,,,
324093501,4999,55.0,3,brak informacji,700,do zamieszkania,,,prywatny,2018,True,blok,plastikowe,Ursynów,Wyczółki,,4,6,,,,,,,,,,,,
621093502,3750,62.0,3,miejskie,1,do zamieszkania,,,prywatny,2003,True,blok,plastikowe,Ursynów,Natolin,ul. Franciszka Marii Lanciego,1,10,True,True,True,True,False,True,False,False,True,True,False,False
977093502,4400,76.0,3,miejskie,,do zamieszkania,,,prywatny,,False,apartamentowiec,drewniane,Ursynów,Kabaty,ul. Stefana Dembego,2,4,True,True,True,True,True,False,False,False,True,False,True,False
605093502,2500,46.0,2,miejskie,730,do zamieszkania,,,biuro nieruchomości,1990,False,blok,plastikowe,Ursynów,Ursynów Północny,ul. Edwarda Dembowskiego,0,4,,,,,,,,,,,,
465093502,3300,44.0,2,miejskie,740,do zamieszkania,,,prywatny,2000,False,blok,drewniane,Ursynów,Ursynów Północny,ul. Ludwika Paszkiewicza,0,3,True,True,True,,,,,,,,,
946093502,5500,77.0,3,miejskie,950,do zamieszkania,,,prywatny,2008,True,apartamentowiec,plastikowe,Ursynów,Kabaty,ul. Wąwozowa,4,5,False,True,True,,,,,,,,,
850093502,3900,46.45,2,miejskie,651,do zamieszkania,,,biuro nieruchomości,2024,True,blok,plastikowe,Ursynów,Kabaty,ul. Jerzego Iwanowa-Szajnowicza,2,5,False,True,True,True,True,False,False,False,False,True,False,False
710093502,7900,75.0,4,brak informacji,,brak informacji,,,biuro nieruchomości,,False,,,Ursynów,Wyczółki,,0,1,,,,,,,,,,,,
893093502,3500,42.0,2,miejskie,,do zamieszkania,,,biuro nieruchomości,1978,False,blok,plastikowe,Ursynów,Ursynów Północny,ul. Jana Cybisa,4,4,,,,True,False,False,False,False,False,True,True,True
326093502,4700,67.0,3,miejskie,800,do zamieszkania,,,prywatny,2020,True,blok,plastikowe,Ursynów,Wyczółki,,1,4,True,True,True,True,True,True,False,True,True,True,True,False
956093502,13000,181.0,5,miejskie,0,brak informacji,,,biuro nieruchomości,2005,True,apartamentowiec,,Ursynów,Natolin,al. Aleja Komisji Edukacji Narodowej,3,5,True,False,False,False,True,True,False,False,False,False,False,False
183093502,7500,74.7,3,miejskie,1,do zamieszkania,,,biuro nieruchomości,2003,True,apartamentowiec,,Ursynów,Ursynów Północny,al. Aleja Komisji Edukacji Narodowej,3,6,,,,True,True,False,False,False,False,False,False,False
943093502,5500,70.0,3,miejskie,0,do zamieszkania,,,prywatny,2005,True,blok,plastikowe,Ursynów,Kabaty,ul. Kazimierza Jeżewskiego,2,4,True,True,True,True,True,False,False,False,False,True,True,False
892093503,2450,38.0,1,miejskie,750,do zamieszkania,,,biuro nieruchomości,2010,False,blok,plastikowe,Ursynów,Kabaty,al. Aleja Komisji Edukacji Narodowej,1,5,True,True,True,True,True,False,False,False,False,False,True,True
997093503,4500,68.0,3,miejskie,1,do zamieszkania,,,prywatny,2003,True,,drewniane,Ursynów,Natolin,ul. Belgradzka,2,10,True,True,True,False,True,False,False,False,False,True,False,False
440093503,3980,62.0,3,miejskie,,do zamieszkania,,,biuro nieruchomości,1980,False,blok,,Ursynów,Ursynów-Centrum,ul. Stanisława Kulczyńskiego,4,4,,,,True,False,False,False,False,False,False,False,True
671093503,2800,26.5,1,miejskie,550,do zamieszkania,,,prywatny,2022,True,,,Ursynów,Wyczółki,ul. Kłobucka,0,10,True,True,True,True,False,True,False,False,False,False,True,False
375093503,3530,38.0,2,brak informacji,800,do zamieszkania,,,prywatny,2022,True,blok,,Ursynów,Wyczółki,ul. Kłobucka,0,10,True,True,True,False,True,True,True,False,False,False,True,True
776093503,5500,80.0,4,miejskie,1,do zamieszkania,,,biuro nieruchomości,1994,False,blok,plastikowe,Ursynów,Natolin,ul. Pachnąca,1,3,,,,True,True,False,False,False,False,False,False,False
794093503,6500,100.0,3,miejskie,1,do zamieszkania,,,biuro nieruchomości,2006,True,apartamentowiec,,Ursynów,Ursynów-Centrum,ul. Alternatywy,8,8,,,,,,,,,,,,
321093503,5731,66.1,3,miejskie,694,do zamieszkania,,,biuro nieruchomości,2022,True,apartamentowiec,,Mokotów,Służew,ul. Bokserska,7,,True,True,True,True,True,False,False,False,False,True,True,False
272093503,7700,150.0,5,miejskie,250,do zamieszkania,,,prywatny,1983,False,szeregowiec,plastikowe,Ursynów,Grabów,,,,,,,True,True,True,True,False,True,True,True,True
493093503,4896,61.4,3,miejskie,645,do zamieszkania,,,biuro nieruchomości,2022,True,apartamentowiec,,Mokotów,Służewiec,ul. Bokserska,6,,True,True,True,True,True,False,False,False,False,True,True,False
535093504,2700,49.2,2,miejskie,907,do zamieszkania,,,biuro nieruchomości,2003,True,blok,plastikowe,Ursynów,Kabaty,ul. Stefana Dembego,0,4,True,True,True,False,True,False,False,False,False,True,False,True
114093504,3600,51.0,2,miejskie,875,do zamieszkania,,,biuro nieruchomości,2011,True,apartamentowiec,drewniane,Mokotów,Służew,al. Aleja Wyścigowa,4,14,True,True,True,True,True,True,False,False,False,False,False,False
866093504,5000,116.0,3,brak informacji,1,do zamieszkania,,,biuro nieruchomości,2000,True,blok,,Mokotów,Stegny,al. Aleja Wilanowska,2,3,,,,True,True,False,False,False,False,False,False,False
292093504,3000,43.0,2,miejskie,560,do zamieszkania,,,prywatny,2003,True,apartamentowiec,drewniane,Ursynów,Natolin,al. Aleja Komisji Edukacji Narodowej,7,16,True,True,True,True,True,False,False,False,False,True,False,False
319093504,3400,48.0,2,brak informacji,600,do zamieszkania,,,prywatny,2016,True,blok,plastikowe,Ursynów,Wyczółki,ul. Kłobucka,1,8,True,True,True,True,True,False,False,False,False,True,True,False
609093504,3500,70.3,2,miejskie,1,do zamieszkania,,,biuro nieruchomości,1982,True,blok,drewniane,Ursynów,Natolin,ul. Jana Rosoła,2,3,True,False,False,True,True,False,False,True,True,False,False,False
482093504,5800,89.0,3,brak informacji,,brak informacji,,,biuro nieruchomości,,False,apartamentowiec,plastikowe,Ursynów,Ursynów Północny,,0,4,,,,True,True,False,False,False,False,False,False,False
432093504,5500,69.0,3,miejskie,1,do zamieszkania,,,prywatny,2019,True,apartamentowiec,,Ursynów,Stary Służew,ul. Fort Służew,3,5,,,,True,True,False,False,True,False,True,False,False
532093504,2950,36.0,1,miejskie,950,do zamieszkania,,,prywatny,2001,True,apartamentowiec,drewniane,Ursynów,Natolin,ul. rtm. Witolda Pileckiego,3,8,True,True,True,True,True,False,False,False,False,True,False,True
351093505,3200,34.0,1,miejskie,663,do zamieszkania,,,prywatny,2003,True,blok,drewniane,Ursynów,Natolin,al. Aleja Komisji Edukacji Narodowej,8,8,True,True,True,True,False,False,True,True,False,True,True,False
131093505,4500,56.0,3,miejskie,850,do zamieszkania,,,prywatny,2015,True,blok,drewniane,Ursynów,Wyczółki,ul. Kłobucka,4,6,True,True,True,True,True,False,False,False,False,True,False,False
791093505,4600,58.0,3,miejskie,1,do zamieszkania,,,prywatny,,True,blok,plastikowe,Ursynów,Ursynów Północny,ul. Koński Jar,7,10,False,True,True,True,False,False,False,True,False,True,True,True
678093504,3300,50.0,2,miejskie,620,do zamieszkania,,,prywatny,,True,apartamentowiec,drewniane,Ursynów,Natolin,ul. Belgradzka,5,12,True,True,True,True,True,False,False,False,False,True,False,False
649093505,2600,31.3,1,miejskie,492,do zamieszkania,,,prywatny,,True,blok,plastikowe,Ursynów,Ursynów Północny,ul. Edwarda Dembowskiego,1,7,,,,True,False,False,False,False,False,True,True,True
620093505,2600,31.0,1,miejskie,492,brak informacji,,,prywatny,,True,blok,plastikowe,Ursynów,Ursynów Północny,ul. Edwarda Dembowskiego,1,7,,,,True,False,False,False,True,False,True,True,True
743093505,3700,47.0,2,miejskie,800,do zamieszkania,,,prywatny,2014,True,apartamentowiec,plastikowe,Ursynów,Wyczółki,ul. Kłobucka,5,6,True,True,True,True,True,False,False,False,False,False,True,False
953093505,3750,30.0,1,miejskie,,do zamieszkania,,,prywatny,,True,apartamentowiec,drewniane,Ursynów,Wyczółki,ul. Galopu 7,,,False,True,True,True,True,False,False,False,False,True,True,False
622093505,5000,88.0,3,miejskie,1,do zamieszkania,,,biuro nieruchomości,1998,False,blok,,Ursynów,Kabaty,ul. Ekologiczna,1,3,,,,,,,,,,,,
954093506,3500,53.0,3,miejskie,975,do zamieszkania,,,biuro nieruchomości,1976,True,blok,plastikowe,Ursynów,Wyczółki,ul. Zygmunta Modzelewskiego,4,10,,,,True,False,False,False,True,False,False,True,True
863093506,5999,61.0,2,gazowe,900,do zamieszkania,,,prywatny,2019,False,dom wolnostojący,plastikowe,Wilanów,Powsin,ul. Gąsek,0,1,True,True,True,False,True,False,True,False,False,False,True,False
398093506,3000,48.0,2,miejskie,1,brak informacji,,,prywatny,,False,,,Ursynów,Ursynów Północny,ul. Stokłosy,5,10,,,,,,,,,,,,
417093506,8000,135.0,4,miejskie,1,do zamieszkania,,,biuro nieruchomości,2002,True,blok,,Ursynów,Ursynów Północny,al. Aleja Komisji Edukacji Narodowej,6,7,,,,True,True,False,False,False,False,False,False,False
971093506,4500,46.0,2,miejskie,,do zamieszkania,,,prywatny,2025,True,blok,plastikowe,Ursynów,Ursynów-Centrum,ul. Józefa Feliksa Ciszewskiego,3,,,,,True,True,False,False,False,False,False,True,True
339093506,5500,106.0,4,brak informacji,1,brak informacji,,,biuro nieruchomości,2000,False,,,Ursynów,Stary Imielin,ul. Bekasów,1,2,,,,True,True,False,False,False,True,False,False,False
458093506,5900,87.0,3,miejskie,600,do zamieszkania,,,biuro nieruchomości,2006,True,apartamentowiec,drewniane,Mokotów,Służew,,7,15,False,True,True,True,True,False,False,False,False,False,False,False
964093506,3700,48.0,2,brak informacji,700,do zamieszkania,,,prywatny,2018,False,kamienica,plastikowe,Ursynów,Pyry,,3,,True,True,True,True,True,False,False,True,False,False,False,False
576093506,6500,65.12,3,miejskie,0,brak informacji,,,biuro nieruchomości,2016,True,apartamentowiec,,Ursynów,Natolin,ul. Belgradzka,2,7,False,True,True,,,,,,,,,
287093506,3500,38.0,2,miejskie,800,do zamieszkania,,,prywatny,2022,True,apartamentowiec,plastikowe,Ursynów,Wyczółki,ul. Kłobucka,1,4,False,True,True,True,True,False,False,False,False,True,False,False
445093506,6300,79.0,3,brak informacji,982,do zamieszkania,,,prywatny,,True,apartamentowiec,plastikowe,Mokotów,Służew,al. Aleja Wyścigowa,7,8,True,True,True,True,True,False,False,False,False,True,False,False
249093507,3099,25.0,2,brak informacji,600,brak informacji,,,prywatny,2024,True,,,Ursynów,Stary Imielin,ul. rtm. Witolda Pileckiego,3,,False,True,True,True,True,False,False,False,False,True,True,False
742093506,3000,47.0,2,brak informacji,800,do zamieszkania,,,prywatny,,False,blok,plastikowe,Ursynów,Ursynów-Centrum,,1,4,,,,True,False,False,False,False,False,False,False,True
352093507,5800,83.7,4,miejskie,,do zamieszkania,,,biuro nieruchomości,1996,False,blok,,Ursynów,Kabaty,ul. Ekologiczna,1,4,,,,True,True,True,False,True,False,False,False,False
883093507,3500,57.0,2,brak informacji,,brak informacji,,,biuro nieruchomości,2008,True,,drewniane,Mokotów,Stegny,al. Aleja Wilanowska,4,5,True,True,True,True,True,False,False,False,False,False,False,False
547093507,3800,47.4,2,miejskie,1,do zamieszkania,,,prywatny,2011,True,blok,drewniane,Ursynów,Kabaty,ul. Jerzego Zaruby,1,4,True,True,True,True,True,False,False,True,False,True,False,False
334093507,3400,57.8,2,brak informacji,,do zamieszkania,,,biuro nieruchomości,1977,True,blok,,Ursynów,Ursynów Północny,ul. Pięciolinii,7,7,,,,,,,,,,,,
380093507,2200,24.0,1,brak informacji,440,do zamieszkania,,,prywatny,2006,False,blok,,Ursynów,Kabaty,ul. Polnej Róży,6,5,True,True,True,False,False,False,False,True,False,False,True,False
774093508,4000,55.0,2,miejskie,650,do zamieszkania,,,prywatny,2013,True,blok,drewniane,Ursynów,Wyczółki,Sakura,2,10,True,True,True,True,True,False,False,False,False,False,False,False
643093508,5200,76.0,3,miejskie,1,do zamieszkania,,,prywatny,2017,True,apartamentowiec,plastikowe,Ursynów,Wyczółki,,1,6,True,True,True,True,True,True,False,False,False,True,False,False
344093507,3750,47.0,2,miejskie,750,do zamieszkania,,,prywatny,2023,True,blok,plastikowe,Mokotów,Służew,ul. Bokserska,2,5,True,True,True,True,True,False,False,False,False,True,True,True
459093507,11000,126.0,4,miejskie,1,do zamieszkania,,,prywatny,2002,True,blok,drewniane,Ursynów,Natolin,ul. Belgradzka,2,7,True,True,True,True,False,False,False,False,False,False,False,True
768093508,9000,130.0,5,miejskie,2,do zamieszkania,,,biuro nieruchomości,2000,True,apartamentowiec,,Mokotów,Stegny,al. Aleja Wilanowska,0,4,,,,,,,,,,,,
979093508,5500,80.0,3,miejskie,1,brak informacji,,,prywatny,2001,True,blok,plastikowe,Ursynów,Ursynów-Centrum,al. Aleja Komisji Edukacji Narodowej,4,5,True,True,True,True,True,False,False,True,False,True,False,False
604093508,4300,40.0,2,brak informacji,700,do zamieszkania,,,prywatny,2003,False,apartamentowiec,,Ursynów,Kabaty,,0,6,True,True,True,False,False,False,False,False,False,True,True,False
779093508,2650,20.0,1,brak informacji,550,brak informacji,,,prywatny,2024,True,blok,,Ursynów,Stary Imielin,,3,4,False,True,True,True,False,False,False,False,False,False,True,False
747093508,5500,79.0,3,miejskie,1,do zamieszkania,,,biuro nieruchomości,2005,True,apartamentowiec,,Ursynów,Kabaty,al. Aleja Komisji Edukacji Narodowej,3,3,False,True,True,False,True,True,False,False,False,False,False,False
795093510,4200,42.0,2,miejskie,520,do zamieszkania,,,prywatny,2025,True,blok,plastikowe,Ursynów,Ursynów-Centrum,,2,6,False,True,True,True,True,False,False,False,False,False,True,False
837093510,3500,57.0,2,brak informacji,770,do zamieszkania,,,prywatny,2005,True,,,Ursynów,Stary Imielin,ul. Indiry Gandhi,6,,True,True,True,True,True,False,False,False,False,False,True,True
254093510,3530,38.0,2,brak informacji,800,do zamieszkania,,,prywatny,2022,True,blok,,Ursynów,Wyczółki,ul. Kłobucka,0,10,True,True,True,False,True,True,True,False,False,False,True,True
759093510,3950,63.0,3,miejskie,900,do zamieszkania,,,prywatny,1982,True,,plastikowe,Ursynów,Ursynów-Centrum,ul. Marii Grzegorzewskiej,1,11,,,,True,False,True,False,False,False,True,False,True
267093510,3000,45.0,2,gazowe,800,do zamieszkania,,,prywatny,1986,False,blok,plastikowe,Ursynów,Natolin,ul. Na Uboczu,1,4,,,,True,False,False,False,True,False,False,False,True
986093510,3400,58.0,2,miejskie,727,do zamieszkania,,,prywatny,2010,True,blok,plastikowe,Ursynów,Natolin,ul. Franciszka Marii Lanciego,0,5,True,True,True,False,True,False,False,False,False,True,False,False
755093510,4000,60.0,3,miejskie,990,do zamieszkania,,,prywatny,1985,False,blok,plastikowe,Ursynów,Ursynów-Centrum,ul. Stefana Kopcińskiego,2,4,,,,True,True,True,False,True,False,False,False,False
288093510,3900,41.0,2,miejskie,780,do zamieszkania,,,prywatny,2025,True,apartamentowiec,plastikowe,Ursynów,Ursynów-Centrum,,2,11,False,True,True,True,True,False,False,True,True,True,True,False
420093510,9000,160.0,4,brak informacji,1,do zamieszkania,,,biuro nieruchomości,,True,blok,plastikowe,Ursynów,Natolin,al. Aleja Komisji Edukacji Narodowej,3,8,True,True,True,True,True,True,False,False,False,False,True,True
370093510,2900,30.0,1,miejskie,580,do zamieszkania,,,prywatny,2019,True,blok,plastikowe,Ursynów,Wyczółki,ul. Taborowa 26,3,5,True,True,True,False,True,True,False,False,False,True,False,False
390093511,4500,42.0,2,brak informacji,750,do zamieszkania,,,prywatny,2018,True,blok,plastikowe,Ursynów,Stary Imielin,ul. Zięby,2,4,True,True,True,True,True,False,False,True,False,False,False,False
656093510,7300,120.0,4,miejskie,1,do zamieszkania,,,biuro nieruchomości,2005,True,apartamentowiec,drewniane,Ursynów,Kabaty,ul. Melchiora Wańkowicza,1,4,False,True,True,,,,,,,,,
650093510,3000,46.0,2,miejskie,850,do zamieszkania,,,prywatny,2004,False,blok,plastikowe,Ursynów,Stary Imielin,ul. Makolągwy 9,0,4,,,,False,True,False,False,True,False,False,False,False
530093510,2800,28.0,2,brak informacji,700,brak informacji,,,biuro nieruchomości,2023,True,apartamentowiec,plastikowe,Ursynów,Pyry,,1,,,,,True,False,False,False,False,False,False,False,True
254093511,5000,85.0,3,miejskie,1,do zamieszkania,,,biuro nieruchomości,2002,True,blok,plastikowe,Ursynów,Ursynów Północny,ul. Zaolziańska,3,3,True,True,True,True,True,False,False,True,True,False,False,True
663093511,2400,45.0,2,miejskie,1,do zamieszkania,,,biuro nieruchomości,1983,True,blok,plastikowe,Ursynów,Natolin,ul. Na Uboczu,4,10,,,,,,,,,,,,
212093511,3000,55.0,2,miejskie,,do zamieszkania,,,biuro nieruchomości,2010,True,apartamentowiec,,Ursynów,Ursynów Północny,Aleja KEN,5,6,True,False,False,True,True,False,False,False,False,False,False,False
248093511,11000,126.0,4,brak informacji,1,do zamieszkania,,,biuro nieruchomości,2002,True,blok,plastikowe,Ursynów,Natolin,ul. Belgradzka,2,7,True,True,True,True,True,False,False,False,False,False,True,False
374093511,8300,110.0,4,miejskie,0,do zamieszkania,,,biuro nieruchomości,2008,True,blok,plastikowe,Ursynów,Stary Imielin,ul. Alternatywy,1,7,True,True,True,True,True,False,False,False,False,False,True,False
886093511,3800,53.0,2,brak informacji,700,do zamieszkania,,,prywatny,2007,True,blok,,Ursynów,Stary Imielin,ul. Alternatywy,3,,True,True,True,True,True,False,False,False,False,False,False,True
373093511,12900,200.0,7,kotłownia,1,do zamieszkania,,,biuro nieruchomości,2000,True,blok,drewniane,Ursynów,Kabaty,ul. Melchiora Wańkowicza,4,4,,,,True,True,False,False,False,False,False,False,False
777093511,3100,46.0,2,miejskie,863,do zamieszkania,,,prywatny,2000,True,blok,drewniane,Ursynów,Kabaty,ul. Jerzego Zaruby,0,4,False,True,True,True,False,False,False,False,False,True,False,False
195093511,6000,74.14,3,miejskie,1,brak informacji,,,biuro nieruchomości,2020,True,apartamentowiec,plastikowe,Ursynów,Wyczółki,,0,4,True,True,True,False,True,False,True,True,False,False,False,False
621093511,3700,60.5,2,miejskie,800,do zamieszkania,,,prywatny,2001,True,blok,plastikowe,Ursynów,Natolin,ul. rtm. Witolda Pileckiego,1,5,,,,True,True,False,False,False,False,False,True,True
999093511,2750,42.0,1,miejskie,655,do zamieszkania,,,prywatny,,True,blok,plastikowe,Ursynów,Natolin,ul. Belgradzka,7,10,,,,True,False,False,False,False,False,True,True,False
943093512,5900,76.0,3,miejskie,980,do zamieszkania,,,biuro nieruchomości,2002,False,blok,plastikowe,Ursynów,Ursynów-Centrum,al. Aleja Komisji Edukacji Narodowej,2,3,True,False,False,True,True,False,False,False,False,False,False,False
112093512,5300,81.6,3,miejskie,1,do zamieszkania,,,biuro nieruchomości,2000,True,apartamentowiec,drewniane,Ursynów,Ursynów-Centrum,ul. Nowoursynowska,2,5,True,True,True,False,True,True,False,False,False,True,True,False
659093512,5000,64.0,3,miejskie,1,do zamieszkania,,,prywatny,2015,True,blok,plastikowe,Ursynów,Wyczółki,ul. Kłobucka,4,6,True,True,True,True,True,False,False,False,False,True,False,False
111093512,3400,51.0,2,miejskie,1,do zamieszkania,,,biuro nieruchomości,2008,True,apartamentowiec,drewniane,Ursynów,Natolin,ul. Stryjeńskich,3,4,True,True,True,True,True,False,False,False,False,True,False,False
294093512,5000,29.0,2,miejskie,520,do zamieszkania,,,biuro nieruchomości,2023,True,apartamentowiec,plastikowe,Ursynów,Wyczółki,ul. Kłobucka,7,10,True,True,True,True,True,False,False,False,False,False,True,False
793093512,3500,65.0,3,miejskie,,do zamieszkania,,,biuro nieruchomości,1980,True,blok,,Ursynów,Ursynów-Centrum,ul. Stefana Szolc-Rogozińskiego,4,8,,,,True,False,False,False,False,False,False,False,True
909093512,3000,25.0,1,miejskie,600,do zamieszkania,,,prywatny,2025,False,blok,plastikowe,Ursynów,Ursynów-Centrum,,3,,,,,False,True,False,False,False,False,True,True,False
669093512,4800,56.3,3,miejskie,800,do zamieszkania,,,prywatny,2025,True,blok,plastikowe,Ursynów,Ursynów-Centrum,ul. Józefa Feliksa Ciszewskiego,4,6,False,True,True,True,True,False,False,False,False,True,True,False
651093512,2900,52.0,2,gazowe,600,do zamieszkania,,,prywatny,2007,True,apartamentowiec,drewniane,Mokotów,Stegny,al. Aleja Wilanowska,3,6,True,True,True,True,True,False,False,False,False,True,False,True
662093513,3300,60.9,2,miejskie,1,do zamieszkania,,,prywatny,2002,True,blok,plastikowe,Ursynów,Natolin,ul. rtm. Witolda Pileckiego,0,,,,,True,False,False,False,False,False,True,False,True
329093513,2200,37.0,2,miejskie,500,do zamieszkania,,,prywatny,2001,True,apartamentowiec,plastikowe,Ursynów,Stary Imielin,ul. rtm. Witolda Pileckiego,2,6,True,True,True,True,False,False,False,False,False,True,False,False
865093512,3600,53.0,3,brak informacji,1,do zamieszkania,,,prywatny,,False,blok,,Ursynów,Ursynów Północny,ul. Edwarda Dembowskiego,3,3,,,,True,False,False,False,False,False,False,True,True
778093513,2800,46.0,2,miejskie,900,do zamieszkania,,,prywatny,2004,False,blok,plastikowe,Ursynów,Kabaty,ul. Stefana Dembego,1,4,True,True,True,True,True,False,False,False,False,True,False,False
991093513,8600,120.0,4,miejskie,1,do zamieszkania,,,prywatny,2008,False,apartamentowiec,plastikowe,Ursynów,Pyry,Alterntywy,4,6,True,True,True,True,False,True,False,False,False,False,False,False
731093513,3500,47.5,2,miejskie,930,do zamieszkania,,,prywatny,1985,False,blok,plastikowe,Ursynów,Natolin,ul. Henryka Raabego,1,3,,,,True,False,False,False,False,False,True,False,True
145093513,6500,65.0,3,miejskie,,do zamieszkania,,,prywatny,2016,True,apartamentowiec,drewniane,Ursynów,Natolin,ul. Belgradzka 3,2,7,True,False,False,True,True,False,False,False,False,False,False,False
660093513,6000,107.0,4,miejskie,1,do zamieszkania,,,prywatny,,True,apartamentowiec,plastikowe,Ursynów,Ursynów Północny,al. Aleja Komisji Edukacji Narodowej,5,6,True,True,True,True,True,False,False,False,False,True,False,True
268093513,3400,32.0,2,brak informacji,600,brak informacji,,,prywatny,2018,False,blok,plastikowe,Ursynów,Wyczółki,ul. Poloneza,2,4,,,,True,False,False,False,False,False,False,True,False
275093513,4800,65.0,3,miejskie,1,do zamieszkania,,,biuro nieruchomości,2015,True,apartamentowiec,plastikowe,Ursynów,Wyczółki,ul. Kłobucka,6,8,True,True,True,True,True,False,False,False,False,False,False,False
884093513,3000,20.0,1,miejskie,600,do zamieszkania,,,prywatny,2025,True,blok,plastikowe,Ursynów,Ursynów-Centrum,,3,,,,,False,True,False,False,False,False,True,True,False
933093513,3500,39.0,2,miejskie,500,do zamieszkania,,,prywatny,2023,True,blok,plastikowe,Ursynów,Wyczółki,ul. Nowy Służewiec,4,5,True,True,True,True,False,False,False,False,False,True,False,False
275093513,4500,60.0,3,brak informacji,1,brak informacji,,,biuro nieruchomości,2004,True,apartamentowiec,,Ursynów,Kabaty,ul. Wąwozowa,3,5,,,,True,True,False,False,False,False,False,False,True
345093513,3250,19.0,1,brak informacji,0,do wykończenia,,,prywatny,2023,True,,,Ursynów,Wyczółki,,2,12,False,True,True,False,True,False,False,False,False,False,True,False
178093514,2750,36.0,1,brak informacji,700,do zamieszkania,,,prywatny,2018,True,apartamentowiec,plastikowe,Ursynów,Natolin,al. Aleja Komisji Edukacji Narodowej,8,8,True,True,True,True,False,True,False,False,True,False,True,True
337093514,1700,29.0,1,brak informacji,400,brak informacji,,,prywatny,,False,,,Ursynów,Kabaty,ul. Przy Bażantarni,0,6,True,True,True,,,,,,,,,
685093514,2675,41.0,1,miejskie,925,do zamieszkania,,,biuro nieruchomości,2014,True,blok,plastikowe,Ursynów,Kabaty,ul. Wąwozowa,3,4,,,,True,False,False,False,False,False,True,False,False
149093514,3900,55.0,2,miejskie,,do zamieszkania,,,prywatny,2019,True,blok,drewniane,Ursynów,Ursynów-Centrum,,1,2,True,True,True,True,True,False,False,False,False,True,True,False
434093514,3150,30.0,1,miejskie,480,do zamieszkania,,,prywatny,2021,True,blok,plastikowe,Ursynów,Stary Imielin,ul. rtm. Witolda Pileckiego,1,4,False,True,True,False,True,False,False,False,True,False,True,False
806093514,4400,62.0,3,miejskie,600,do zamieszkania,,,prywatny,2021,True,blok,plastikowe,Ursynów,Pyry,,0,3,False,True,True,False,True,False,True,False,False,True,True,False
808093514,4300,45.0,2,miejskie,619,do zamieszkania,,,prywatny,2023,True,apartamentowiec,drewniane,Ursynów,Kabaty,ul. Jerzego Iwanowa-Szajnowicza,1,5,False,True,True,True,True,True,False,False,False,False,True,False
395093514,7500,123.0,4,miejskie,1,do zamieszkania,,,biuro nieruchomości,2006,True,apartamentowiec,drewniane,Ursynów,Stary Imielin,ul. Alternatywy,7,7,False,True,True,True,True,False,False,False,False,False,False,False
431093514,2850,56.0,2,miejskie,1,do zamieszkania,,,biuro nieruchomości,1999,True,blok,,Ursynów,Kabaty,ul. Stryjeńskich,1,6,,,,,,,,,,,,
373093514,10000,160.0,3,miejskie,0,brak informacji,,,biuro nieruchomości,2002,True,blok,,Ursynów,Kabaty,ul. Kazimierza Jeżewskiego,5,5,,,,,,,,,,,,
722093514,3600,41.0,2,miejskie,,do zamieszkania,,,biuro nieruchomości,2024,True,apartamentowiec,,Ursynów,Wyczółki,ul. Hilarego Koprowskiego,1,4,False,True,True,True,True,False,False,False,False,False,False,False
366093515,11000,138.0,4,brak informacji,1,do zamieszkania,,,biuro nieruchomości,2002,True,apartamentowiec,,Mokotów,Stegny,al. Aleja Wilanowska,4,4,True,True,True,True,True,True,False,True,False,False,False,False
742093515,5850,87.0,3,miejskie,1,do zamieszkania,,,biuro nieruchomości,2003,True,apartamentowiec,,Mokotów,Służew,al. Aleja Wyścigowa,7,13,,,,True,True,False,False,False,True,False,False,False
569093515,2500,30.0,1,brak informacji,500,do zamieszkania,,,biuro nieruchomości,2021,False,,plastikowe,Ursynów,Stary Imielin,ul. Zięby,3,4,,,,,,,,,,,,
153093515,5100,64.0,3,miejskie,900,do zamieszkania,,,biuro nieruchomości,1995,False,blok,plastikowe,Mokotów,Służew,ul. Bokserska,2,4,True,False,False,False,False,False,False,False,False,False,True,True
632093515,2200,39.9,2,miejskie,780,do zamieszkania,,,biuro nieruchomości,2002,True,blok,plastikowe,Ursynów,Natolin,ul. rtm. Witolda Pileckiego,1,5,False,True,True,,,,,,,,,
838093515,3200,51.92,2,brak informacji,750,do zamieszkania,,,biuro nieruchomości,2010,True,apartamentowiec,,Ursynów,Stary Imielin,ul. Alternatywy,7,8,,,,True,True,False,False,False,False,False,False,False
591093515,2850,58.0,2,miejskie,1,brak informacji,,,biuro nieruchomości,,True,blok,plastikowe,Ursynów,Natolin,ul. Stryjeńskich,1,5,True,True,True,,,,,,,,,
775093515,7500,95.0,4,miejskie,1,brak informacji,,,biuro nieruchomości,1998,False,blok,plastikowe,Ursynów,Ursynów-Centrum,al. Aleja Komisji Edukacji Narodowej,1,,True,False,False,True,True,False,False,False,False,False,False,False
517093515,3500,58.07,2,miejskie,730,do zamieszkania,,,biuro nieruchomości,2002,True,blok,,Ursynów,Kabaty,ul. Stefana Dembego,0,3,False,True,True,True,True,False,False,True,False,False,False,True
811093516,4000,89.0,3,inne,700,do zamieszkania,,,biuro nieruchomości,2006,True,,drewniane,Ursynów,Stary Imielin,,8,8,,,,,,,,,,,,
599093516,4300,73.0,3,miejskie,,do zamieszkania,,,biuro nieruchomości,2007,True,apartamentowiec,,Ursynów,Kabaty,ul. Kazimierza Jeżewskiego,4,5,False,True,True,True,True,False,False,False,False,False,False,False
992093516,5500,80.0,3,brak informacji,1,brak informacji,,,biuro nieruchomości,2013,True,apartamentowiec,,Ursynów,Wyczółki,ul. Zygmunta Modzelewskiego,,,True,True,True,True,True,True,False,False,False,False,False,False
756093516,4000,63.3,3,miejskie,1,do zamieszkania,,,biuro nieruchomości,1970,False,blok,,Ursynów,Natolin,ul. Braci Wagów,4,4,,,,True,False,False,False,False,True,False,False,True
332093516,3400,51.0,2,miejskie,1,do zamieszkania,,,biuro nieruchomości,2008,True,apartamentowiec,drewniane,Ursynów,Natolin,ul. Stryjeńskich,3,4,True,True,True,True,True,False,False,False,False,True,False,False
645093516,4000,48.0,3,brak informacji,0,brak informacji,,,biuro nieruchomości,1980,True,blok,,Ursynów,Ursynów-Centrum,ul. Hawajska,9,12,,,,,,,,,,,,
597093516,2700,53.0,2,miejskie,,brak informacji,,,biuro nieruchomości,1985,True,blok,,Ursynów,Ursynów Północny,ul. Służby Polsce,1,7,,,,,,,,,,,,
653093516,3950,63.0,3,miejskie,900,do zamieszkania,,,prywatny,1982,True,,plastikowe,Ursynów,Ursynów-Centrum,ul. Marii Grzegorzewskiej,1,11,,,,True,False,True,False,False,False,True,False,True
388093518,3000,50.0,2,brak informacji,680,do zamieszkania,,,biuro nieruchomości,2000,False,blok,plastikowe,Ursynów,Stary Imielin,ul. rtm. Witolda Pileckiego,2,4,True,False,False,,,,,,,,,
946093518,3900,41.0,2,miejskie,780,do zamieszkania,,,prywatny,2025,True,apartamentowiec,plastikowe,Ursynów,Ursynów-Centrum,,2,11,False,True,True,True,True,False,False,True,True,True,True,False
446093518,3800,53.0,2,brak informacji,700,do zamieszkania,,,prywatny,2007,True,blok,,Ursynów,Stary Imielin,ul. Alternatywy,3,,True,True,True,True,True,False,False,False,False,False,False,True
197093518,2500,24.0,1,brak informacji,600,do zamieszkania,,,prywatny,2023,True,blok,plastikowe,Mokotów,Służew,ul. Bokserska,2,,True,True,True,True,True,False,False,False,False,True,True,False
973093518,7000,67.0,3,miejskie,,do zamieszkania,,,biuro nieruchomości,2022,True,apartamentowiec,,Ursynów,Kabaty,ul. Jerzego Iwanowa-Szajnowicza,2,3,False,True,True,True,True,False,False,False,False,False,False,False
212093518,3000,44.0,2,miejskie,850,do zamieszkania,,,biuro nieruchomości,2025,True,apartamentowiec,plastikowe,Ursynów,Ursynów-Centrum,ul. Józefa Feliksa Ciszewskiego,6,6,False,True,True,True,True,False,False,False,False,False,False,False
328093518,4100,57.0,2,brak informacji,0,do zamieszkania,,,biuro nieruchomości,2010,False,,,Ursynów,Ursynów-Centrum,al. Aleja Komisji Edukacji Narodowej,5,7,,,,True,True,False,False,False,False,False,False,True
772093518,2800,33.1,1,miejskie,,do zamieszkania,,,biuro nieruchomości,2006,True,blok,plastikowe,Ursynów,Ursynów-Centrum,ul. Nugat,6,10,,,,True,False,False,False,False,False,True,False,False
623093518,3500,53.0,2,miejskie,,do zamieszkania,,,biuro nieruchomości,2000,True,blok,,Ursynów,Natolin,ul. Belgradzka,8,10,False,True,True,,,,,,,,,
496093518,6500,87.0,3,miejskie,650,do zamieszkania,,,biuro nieruchomości,2005,True,apartamentowiec,,Mokotów,Służew,al. Aleja Wyścigowa,7,13,,,,True,True,False,False,False,True,False,False,False
771093518,12900,154.0,3,brak informacji,2,do zamieszkania,,,biuro nieruchomości,2020,True,apartamentowiec,,Ursynów,Ursynów Północny,"al. Aleja Jana Rodowicza ""Anody""",9,10,,,,True,True,False,False,False,True,False,False,False
371093519,3500,64.0,3,miejskie,,do zamieszkania,,,biuro nieruchomości,1980,True,blok,,Ursynów,Ursynów-Centrum,ul. Stefana Szolc-Rogozińskiego,4,8,,,,True,False,False,False,False,False,False,False,True
425093518,6200,87.0,4,brak informacji,600,brak informacji,,,biuro nieruchomości,2005,True,apartamentowiec,,Mokotów,Służew,al. Aleja Wyścigowa,7,13,,,,True,True,False,False,False,True,False,False,False
376093519,4500,64.44,3,miejskie,1,brak informacji,,,biuro nieruchomości,2001,True,blok,,Ursynów,Natolin,,4,8,False,True,True,,,,,,,,,
697093519,10000,105.0,4,miejskie,1,brak informacji,,,biuro nieruchomości,2013,True,apartamentowiec,drewniane,Ursynów,Natolin,ul. Franciszka Marii Lanciego,6,6,False,True,True,True,True,True,False,False,False,False,False,False
748093519,5400,66.0,3,brak informacji,0,brak informacji,,,biuro nieruchomości,,False,,,Ursynów,Wyczółki,Złoty Potok,1,4,,,,,,,,,,,,
706093519,3990,48.0,3,brak informacji,830,brak informacji,,,biuro nieruchomości,1981,True,blok,,Ursynów,Ursynów-Centrum,ul. Hawajska,9,12,,,,,,,,,,,,
768093519,6400,87.0,3,miejskie,,do zamieszkania,,,biuro nieruchomości,2006,True,apartamentowiec,plastikowe,Mokotów,Służew,al. Aleja Wyścigowa,7,15,False,True,True,True,True,False,False,False,False,False,False,False
510093519,3400,47.0,2,miejskie,,do zamieszkania,,,biuro nieruchomości,2020,True,apartamentowiec,plastikowe,Mokotów,Służewiec,ul. Kłobucka,3,4,False,True,True,,,,,,,,,
692093519,4500,65.0,2,brak informacji,1,do zamieszkania,,,biuro nieruchomości,2011,True,,,Mokotów,Służew,al. Aleja Wyścigowa,7,9,,,,True,True,True,False,False,False,False,False,False
492093519,3200,49.0,2,miejskie,950,do zamieszkania,,,prywatny,1985,False,blok,plastikowe,Ursynów,Ursynów-Centrum,ul. Hawajska,1,10,,,,,,,,,,,,
314093519,6900,70.0,3,miejskie,900,do zamieszkania,,,biuro nieruchomości,2012,True,apartamentowiec,plastikowe,Ursynów,Wyczółki,ul. Kłobucka,10,10,True,True,True,False,True,False,False,False,True,False,False,False
831093519,4500,85.0,4,miejskie,,brak informacji,,,biuro nieruchomości,1980,False,,,Ursynów,Ursynów Północny,ul. Nutki,3,3,,,,True,False,False,False,True,False,False,False,False
200093519,3500,61.0,2,brak informacji,1,do zamieszkania,,,biuro nieruchomości,2000,True,blok,,Ursynów,Kabaty,,3,4,False,True,True,False,True,False,False,False,False,False,False,True
314093520,7900,127.0,4,miejskie,,do zamieszkania,,,biuro nieruchomości,2001,True,blok,,Mokotów,Służew,al. Aleja Wyścigowa,8,8,True,True,True,True,True,False,False,False,False,False,False,False
718093520,3800,64.0,3,miejskie,0,do zamieszkania,,,prywatny,1980,False,blok,plastikowe,Ursynów,Ursynów-Centrum,ul. Ferdynanda Magellana,0,3,,,,True,False,False,True,True,False,False,True,True
970093520,5200,81.2,4,miejskie,1,do zamieszkania,,,biuro nieruchomości,2004,False,blok,,Ursynów,Ursynów-Centrum,ul. Nowoursynowska,1,4,False,True,True,True,True,False,False,False,False,False,False,True
913093520,4300,96.0,2,miejskie,1,do zamieszkania,,,biuro nieruchomości,1999,True,apartamentowiec,,Ursynów,Ursynów-Centrum,ul. Cynamonowa,1,4,False,True,True,True,True,False,False,False,False,False,False,False
247093520,2380,52.0,2,miejskie,870,do zamieszkania,,,biuro nieruchomości,1998,True,blok,plastikowe,Ursynów,Natolin,ul. Stryjeńskich,3,3,False,True,True,,,,,,,,,
570093520,3850,45.0,2,miejskie,880,do zamieszkania,,,biuro nieruchomości,2022,True,apartamentowiec,plastikowe,Mokotów,Służew,ul. Bokserska,2,6,True,True,True,True,True,False,False,False,False,False,False,False
759093520,3200,54.0,3,brak informacji,1,do zamieszkania,,,biuro nieruchomości,2019,True,,,Ursynów,Wyczółki,Pieskowa Skała,5,5,,,,,,,,,,,,
911093520,4300,64.0,3,miejskie,1,do zamieszkania,,,biuro nieruchomości,2000,False,blok,,Ursynów,Ursynów Północny,ul. Ludwika Paszkiewicza,0,3,False,True,True,True,False,False,False,False,True,False,False,False
722093520,12900,195.0,7,brak informacji,1,do zamieszkania,,,biuro nieruchomości,2005,True,blok,plastikowe,Ursynów,Kabaty,ul. Melchiora Wańkowicza,,,True,True,True,True,True,True,False,False,True,False,False,True
103093520,5900,76.0,3,miejskie,0,do zamieszkania,,,prywatny,2004,True,blok,plastikowe,Ursynów,Kabaty,,5,5,True,True,True,True,True,False,False,True,True,True,False,False
566093521,4000,48.0,3,miejskie,830,do zamieszkania,,,biuro nieruchomości,1981,False,blok,,Ursynów,Ursynów-Centrum,ul. Hawajska,9,12,False,True,True,True,False,False,False,True,False,False,False,False
212093521,2800,46.0,1,brak informacji,1,do zamieszkania,,,biuro nieruchomości,,False,dom wolnostojący,,Ursynów,Kabaty,,1,,,,,,,,,,,,,
821093521,3900,58.0,3,miejskie,832,do zamieszkania,,,prywatny,1995,True,blok,plastikowe,Ursynów,Natolin,ul. Stryjeńskich,9,9,True,True,True,False,True,False,False,False,False,True,False,True
849093521,3500,41.9,2,miejskie,860,do zamieszkania,,,biuro nieruchomości,2016,True,apartamentowiec,,Ursynów,Wyczółki,ul. Kłobucka,2,6,False,True,True,,,,,,,,,
881093521,2925,35.0,1,miejskie,775,do zamieszkania,,,biuro nieruchomości,1981,True,blok,,Ursynów,Ursynów-Centrum,ul. Ferdynanda Magellana,10,11,False,True,True,True,True,False,False,False,True,False,False,True
597093521,2950,45.0,2,brak informacji,700,brak informacji,,,biuro nieruchomości,,True,,,Ursynów,Natolin,,0,6,,,,,,,,,,,,
891093521,3700,42.02,2,miejskie,700,do zamieszkania,,,biuro nieruchomości,2023,True,blok,,Ursynów,Wyczółki,ul. Bokserska,1,6,True,True,True,False,True,True,False,False,False,False,False,False
559093521,4000,90.0,3,miejskie,1,brak informacji,,,biuro nieruchomości,2002,False,blok,plastikowe,Ursynów,Natolin,ul. Przy Bażantarni,1,2,True,True,True,False,False,True,False,True,False,False,False,False
263093521,3200,48.0,2,miejskie,920,do zamieszkania,,,prywatny,1980,True,blok,plastikowe,Ursynów,Ursynów-Centrum,ul. Benedykta Dybowskiego,8,10,,,,True,False,False,False,True,False,True,True,True
430093521,7000,128.0,5,miejskie,,do zamieszkania,,,biuro nieruchomości,2004,True,apartamentowiec,,Ursynów,Natolin,ul. Stryjeńskich,1,4,False,True,True,False,True,True,False,False,False,False,False,False
536093521,3300,50.0,2,miejskie,,do zamieszkania,,,biuro nieruchomości,2002,True,blok,,Ursynów,Natolin,ul. Belgradzka,7,11,False,True,True,,,,,,,,,
250093521,5500,97.0,4,brak informacji,1,brak informacji,,,biuro nieruchomości,2001,True,blok,,Ursynów,Natolin,ul. Jana Rosoła,3,3,,,,,,,,,,,,
954093521,2400,30.9,1,brak informacji,690,brak informacji,,,biuro nieruchomości,1980,True,,,Ursynów,Ursynów Północny,ul. Xawerego Dunikowskiego,3,7,,,,,,,,,,,,
678093522,4100,91.0,4,miejskie,1,brak informacji,,,biuro nieruchomości,1997,False,blok,plastikowe,Ursynów,Kabaty,ul. Kabacki Dukt,2,4,True,True,True,True,False,False,False,True,False,False,False,False
778093522,3350,64.0,3,brak informacji,1,brak informacji,,,biuro nieruchomości,,True,apartamentowiec,,Ursynów,Kabaty,ul. Melchiora Wańkowicza,3,4,,,,True,True,False,False,False,False,False,False,True
477093522,6900,87.0,3,brak informacji,600,brak informacji,,,biuro nieruchomości,,False,,,Mokotów,Służew,al. Aleja Wyścigowa,,,False,True,True,,,,,,,,,
723093522,4000,64.0,3,brak informacji,1,do zamieszkania,,,biuro nieruchomości,,True,,,Ursynów,Ursynów Północny,ul. Zamiany,6,10,,,,True,True,False,False,False,False,False,False,False
174093522,11000,126.0,4,brak informacji,1,do zamieszkania,,,biuro nieruchomości,2002,False,,drewniane,Ursynów,Natolin,ul. Belgradzka,2,7,,,,True,True,False,False,False,False,False,False,False
856093522,5200,70.0,2,brak informacji,,brak informacji,,,biuro nieruchomości,2009,False,apartamentowiec,,Ursynów,Dąbrówka,ul. Puławska,,12,,,,,,,,,,,,
700093522,6900,87.0,3,brak informacji,600,brak informacji,,,biuro nieruchomości,2013,False,,,Mokotów,Służew,al. Aleja Wyścigowa,7,12,,,,,,,,,,,,
546093522,12999,181.0,5,miejskie,,do zamieszkania,,,biuro nieruchomości,2005,True,apartamentowiec,drewniane,Ursynów,Kabaty,al. Aleja Komisji Edukacji Narodowej,3,5,False,True,True,True,True,True,False,False,False,False,False,False
500093522,4000,48.0,3,brak informacji,830,brak informacji,,,biuro nieruchomości,,False,blok,plastikowe,Ursynów,Ursynów-Centrum,ul. Hawajska,9,12,,,,,,,,,,,,
988093522,4800,77.5,3,miejskie,900,do zamieszkania,,,biuro nieruchomości,2006,True,apartamentowiec,plastikowe,Ursynów,Ursynów Północny,ul. Wojciecha Bogumiła Jastrzębowskiego,4,5,True,True,True,True,True,False,False,False,False,False,False,False
147093523,6000,80.0,3,brak informacji,982,brak informacji,,,biuro nieruchomości,2006,True,apartamentowiec,,Mokotów,Służew,al. Aleja Wyścigowa,7,8,,,,True,True,False,False,False,False,False,False,False
932093523,5100,97.0,4,miejskie,1,do zamieszkania,,,biuro nieruchomości,2001,True,apartamentowiec,,Ursynów,Natolin,ul. Jana Rosoła,3,3,True,True,True,True,True,False,False,True,False,False,False,True
550093523,3000,38.29,2,miejskie,410,do zamieszkania,,,biuro nieruchomości,2007,True,blok,plastikowe,Ursynów,Natolin,ul. Henryka Raabego,1,6,True,True,True,True,True,False,False,False,False,True,True,True
247093523,6300,79.0,3,miejskie,982,do zamieszkania,,,biuro nieruchomości,2005,True,apartamentowiec,,Mokotów,Służew,al. Aleja Wyścigowa,7,8,False,True,True,True,True,False,False,False,False,False,False,False
679093523,4100,91.0,4,miejskie,1,do zamieszkania,,,prywatny,1997,False,blok,plastikowe,Ursynów,Kabaty,ul. Polnej Róży,2,4,True,True,True,True,True,False,False,True,True,False,False,False
625093523,3500,65.8,2,miejskie,,brak informacji,,,biuro nieruchomości,2000,True,blok,plastikowe,Ursynów,Kabaty,ul. Villardczyków,1,4,True,True,True,True,False,False,False,False,False,True,True,True
231093523,12000,200.0,5,miejskie,800,brak informacji,,,biuro nieruchomości,2008,True,blok,plastikowe,Ursynów,Kabaty,,4,4,,,,,,,,,,,,
987093523,4200,63.0,4,miejskie,1,do zamieszkania,,,biuro nieruchomości,,False,blok,plastikowe,Ursynów,Ursynów-Centrum,ul. Stanisława Kulczyńskiego,2,4,,,,True,False,False,False,False,False,False,True,True
289093523,6300,80.0,3,miejskie,982,do zamieszkania,,,biuro nieruchomości,2006,True,apartamentowiec,,Mokotów,Służew,al. Aleja Wyścigowa,7,8,,,,True,True,False,False,False,False,False,False,False
758093523,6400,80.59,3,miejskie,750,do zamieszkania,,,biuro nieruchomości,2018,True,apartamentowiec,,Ursynów,Wyczółki,ul. Poloneza,3,3,False,True,True,True,True,True,False,False,False,False,False,False
734093523,2500,31.0,1,miejskie,700,do zamieszkania,,,biuro nieruchomości,,True,blok,plastikowe,Ursynów,Ursynów-Centrum,ul. Ludwika Hirszfelda,1,8,,,,True,False,False,False,True,False,False,True,True
167093523,3200,63.8,3,miejskie,1,do zamieszkania,,,biuro nieruchomości,1986,False,blok,,Ursynów,Natolin,ul. Małej Łąki,2,4,,,,True,True,False,False,False,False,False,True,True
425093523,7000,59.0,3,miejskie,1,brak informacji,,,biuro nieruchomości,,True,apartamentowiec,,Ursynów,Stary Imielin,ul. rtm. Witolda Pileckiego,2,3,True,False,False,True,True,False,False,False,False,False,False,False
457093524,3550,60.51,3,miejskie,900,do zamieszkania,,,biuro nieruchomości,1996,False,blok,,Ursynów,Ursynów Północny,ul. Stanisława Herbsta,2,3,,,,True,True,False,False,False,False,False,False,False
309093524,2800,48.0,2,kotłownia,900,brak informacji,,,biuro nieruchomości,2004,True,,plastikowe,Ursynów,Kabaty,ul. Stefana Dembego,1,6,True,True,True,True,True,False,False,False,False,False,False,False
140093524,3500,49.0,2,miejskie,800,do zamieszkania,,,biuro nieruchomości,2001,True,apartamentowiec,plastikowe,Ursynów,Natolin,ul. Stryjeńskich,4,5,False,True,True,True,True,False,False,False,False,True,True,False
585093524,8900,165.0,4,brak informacji,850,do zamieszkania,,,biuro nieruchomości,,False,,,Ursynów,Stary Służew,ul. Fosa,2,2,,,,True,True,True,False,False,False,False,False,False
418093524,5500,80.0,3,miejskie,1,do zamieszkania,,,biuro nieruchomości,2013,True,blok,,Ursynów,Wyczółki,ul. Zygmunta Modzelewskiego,5,7,True,True,True,False,True,True,False,True,False,False,False,False
470093524,2500,24.0,1,brak informacji,600,do zamieszkania,,,prywatny,2023,True,blok,plastikowe,Mokotów,Służew,ul. Bokserska,2,,True,True,True,True,True,False,False,False,False,True,True,False
265093525,3000,63.0,3,miejskie,1,do zamieszkania,,,prywatny,,True,blok,plastikowe,Ursynów,Natolin,,4,10,,,,True,False,False,False,True,True,True,True,True
254093525,3300,44.0,2,miejskie,740,do zamieszkania,,,prywatny,2000,False,blok,drewniane,Ursynów,Ursynów Północny,ul. Ludwika Paszkiewicza,0,3,True,True,True,,,,,,,,,
638093525,4400,62.0,3,miejskie,600,do zamieszkania,,,prywatny,2021,True,blok,plastikowe,Ursynów,Pyry,,0,3,False,True,True,False,True,False,True,False,False,True,True,False
554093526,5900,80.0,3,miejskie,1,do zamieszkania,,,biuro nieruchomości,2013,True,blok,,Ursynów,Wyczółki,ul. Zygmunta Modzelewskiego,5,7,True,True,True,False,True,True,False,False,False,False,False,False
466093525,3800,53.0,2,miejskie,850,do zamieszkania,,,biuro nieruchomości,2004,True,blok,plastikowe,Ursynów,Stary Imielin,ul. Indiry Gandhi,1,8,True,True,True,True,True,False,True,False,False,True,False,False
110093525,2600,49.0,2,brak informacji,,brak informacji,,,biuro nieruchomości,1985,False,,,Ursynów,Ursynów-Centrum,ul. Romualda Gutta,2,8,,,,,,,,,,,,
715093525,8900,165.0,4,kotłownia,850,brak informacji,,,biuro nieruchomości,2000,False,blok,,Ursynów,Stary Służew,ul. Fosa,2,2,False,True,True,,,,,,,,,
493093526,3150,36.0,2,miejskie,,do zamieszkania,,,biuro nieruchomości,,True,apartamentowiec,plastikowe,Ursynów,Stary Imielin,ul. rtm. Witolda Pileckiego,2,3,True,True,True,True,True,False,False,False,False,False,False,False
605093526,6500,120.53,4,brak informacji,3,do zamieszkania,,,biuro nieruchomości,,False,,,Ursynów,Natolin,al. Aleja Komisji Edukacji Narodowej,2,7,,,,True,True,False,False,False,False,False,False,True
979093526,2800,63.0,3,miejskie,,do zamieszkania,,,biuro nieruchomości,1980,True,blok,,Ursynów,Natolin,ul. Na Uboczu,8,10,,,,True,False,False,False,False,False,False,False,True
377093526,5000,74.73,3,miejskie,900,brak informacji,,,biuro nieruchomości,2015,True,apartamentowiec,drewniane,Ursynów,Wyczółki,ul. Kłobucka,6,7,False,True,True,True,True,False,False,True,False,False,False,False
793093526,13000,185.0,5,miejskie,1,do zamieszkania,,,biuro nieruchomości,2004,True,apartamentowiec,plastikowe,Ursynów,Natolin,al. Aleja Komisji Edukacji Narodowej,4,5,True,True,True,True,True,True,False,True,False,False,False,False
383093526,3600,37.0,2,brak informacji,0,brak informacji,,,biuro nieruchomości,1980,True,,,Ursynów,Ursynów Północny,ul. Stanisława Herbsta,2,10,,,,,,,,,,,,
254093526,5900,76.0,3,miejskie,1,do zamieszkania,,,biuro nieruchomości,2023,True,apartamentowiec,drewniane,Ursynów,Kabaty,ul. Jerzego Iwanowa-Szajnowicza,3,5,False,True,True,True,True,False,False,True,False,False,False,False
381093527,6500,125.0,4,gazowe,1,do zamieszkania,,,biuro nieruchomości,1989,False,blok,,Ursynów,Ursynów-Centrum,ul. Nowoursynowska,1,3,,,,True,True,False,False,True,False,False,False,False
120093526,3200,36.37,2,miejskie,,do zamieszkania,,,biuro nieruchomości,2008,True,blok,,Ursynów,Kabaty,ul. Melchiora Wańkowicza,2,5,,,,True,True,False,False,True,False,False,False,False
950093526,7500,123.0,4,brak informacji,1,do zamieszkania,,,biuro nieruchomości,2008,True,blok,,Ursynów,Stary Imielin,ul. Alternatywy,8,8,,,,False,True,False,False,False,False,False,False,True
315093526,5500,79.0,3,brak informacji,1,brak informacji,,,biuro nieruchomości,,False,,,Ursynów,Pyry,ul. Wędrowców,0,2,,,,True,False,False,True,False,False,False,False,False
514093526,6900,97.0,4,miejskie,2,do zamieszkania,,,biuro nieruchomości,2002,True,apartamentowiec,plastikowe,Ursynów,Natolin,,5,5,False,True,True,False,True,False,False,True,False,False,False,False
236093527,12900,195.0,7,brak informacji,0,brak informacji,,,biuro nieruchomości,,False,,,Ursynów,Kabaty,,4,5,,,,True,True,True,False,False,True,False,False,False
558093527,2500,31.3,1,miejskie,,do zamieszkania,,,biuro nieruchomości,2015,False,blok,,Ursynów,Wyczółki,,3,5,True,False,False,,,,,,,,,
616093527,6800,68.0,3,brak informacji,1,brak informacji,,,biuro nieruchomości,,False,,,Ursynów,Wyczółki,ul. Bokserska,1,4,,,,True,True,False,False,False,False,False,False,False
202093527,4400,41.47,2,miejskie,600,do zamieszkania,,,biuro nieruchomości,2019,True,blok,plastikowe,Ursynów,Natolin,ul. Franciszka Marii Lanciego,3,8,False,True,True,True,True,False,False,False,False,False,False,False
571093527,2100,21.0,1,miejskie,0,do zamieszkania,,,biuro nieruchomości,2010,False,apartamentowiec,,Ursynów,Stary Imielin,ul. Puławska,2,7,False,True,True,False,True,False,False,False,False,False,False,True
705093527,7700,75.0,3,miejskie,1,brak informacji,,,biuro nieruchomości,,True,apartamentowiec,,Mokotów,Stegny,al. Aleja Wilanowska,6,6,,,,True,True,False,False,False,False,False,False,False
553093527,7200,55.0,3,miejskie,1,do zamieszkania,,,biuro nieruchomości,2021,True,apartamentowiec,,Ursynów,Natolin,ul. rtm. Witolda Pileckiego,4,6,True,True,True,True,True,True,True,False,True,False,False,False
284093527,5300,56.0,2,brak informacji,600,brak informacji,,,biuro nieruchomości,,True,,,Ursynów,Ursynów-Centrum,al. Aleja Komisji Edukacji Narodowej,7,8,,,,True,True,False,False,False,False,False,False,True
674093527,2750,50.0,2,miejskie,1,brak informacji,,,biuro nieruchomości,2002,False,blok,plastikowe,Ursynów,Kabaty,ul. Wąwozowa,6,7,,,,,,,,,,,,
233093528,13000,185.0,5,miejskie,1,do zamieszkania,,,biuro nieruchomości,2012,True,apartamentowiec,,Ursynów,Ursynów-Centrum,al. Aleja Komisji Edukacji Narodowej,4,5,True,True,True,True,True,False,False,True,True,False,False,False
106093528,8000,58.0,3,miejskie,1,do zamieszkania,,,biuro nieruchomości,2024,True,blok,,Ursynów,Stary Imielin,ul. rtm. Witolda Pileckiego,2,3,True,False,False,True,True,True,False,False,False,False,False,False
927093528,7900,150.0,5,kotłownia,1,do zamieszkania,,,biuro nieruchomości,2002,False,,,Ursynów,Pyry,ul. Mariana Rejewskiego,1,2,,,,,,,,,,,,
926093528,3600,64.0,3,brak informacji,1,do zamieszkania,,,biuro nieruchomości,,True,,,Ursynów,Ursynów Północny,ul. Oskara Sosnowskiego,1,5,,,,,,,,,,,,
839093528,2800,35.0,1,miejskie,650,do zamieszkania,,,biuro nieruchomości,2018,True,apartamentowiec,plastikowe,Ursynów,Wyczółki,ul. Kłobucka,4,6,True,True,True,True,False,False,False,False,False,False,True,False
316093528,8000,140.0,5,brak informacji,,do zamieszkania,,,biuro nieruchomości,2009,False,apartamentowiec,,Ursynów,Natolin,,1,2,,,,,,,,,,,,
738093528,5300,56.0,2,miejskie,,do zamieszkania,,,biuro nieruchomości,2006,True,apartamentowiec,,Ursynów,Kabaty,ul. Kazimierza Jeżewskiego,3,5,False,True,True,True,True,False,False,False,True,False,False,False
743093528,4500,63.3,3,miejskie,850,do zamieszkania,,,biuro nieruchomości,1980,False,blok,plastikowe,Ursynów,Ursynów Północny,ul. Koński Jar,1,4,,,,True,False,False,False,True,False,False,False,True
406093528,8000,84.0,3,miejskie,,do zamieszkania,,,biuro nieruchomości,2021,True,apartamentowiec,,Ursynów,Kabaty,ul. Jerzego Iwanowa-Szajnowicza,3,3,False,True,True,True,True,True,False,True,False,False,False,False
497093528,4950,65.0,3,miejskie,1,do zamieszkania,,,biuro nieruchomości,2017,True,blok,,Ursynów,Ursynów-Centrum,ul. Dereniowa,5,6,,,,,,,,,,,,
186093528,3700,55.0,2,miejskie,900,do zamieszkania,,,biuro nieruchomości,2007,False,kamienica,,Mokotów,Stegny,al. Aleja Wilanowska,5,7,False,True,True,False,True,False,False,False,True,False,False,False
501093528,7200,60.0,3,miejskie,1,do zamieszkania,,,biuro nieruchomości,2023,True,blok,,Ursynów,Stary Imielin,ul. rtm. Witolda Pileckiego,2,3,False,True,True,True,True,False,False,False,False,False,False,False
731093529,2900,34.0,1,miejskie,630,do zamieszkania,,,prywatny,2006,True,blok,drewniane,Ursynów,Natolin,al. Aleja Komisji Edukacji Narodowej 49,4,8,True,True,True,True,False,False,False,False,False,True,True,True
649093528,2800,50.0,2,miejskie,,do zamieszkania,,,biuro nieruchomości,2002,True,blok,,Ursynów,Natolin,ul. rtm. Witolda Pileckiego,4,,False,True,True,,,,,,,,,
574093529,8900,165.0,4,miejskie,850,do zamieszkania,,,biuro nieruchomości,2000,True,blok,,Ursynów,Stary Służew,ul. Fosa,2,2,True,False,False,True,True,False,False,False,False,False,False,False
560093529,8500,210.0,5,miejskie,3,brak informacji,,,biuro nieruchomości,2005,True,apartamentowiec,drewniane,Ursynów,Kabaty,ul. Relaksowa,2,4,True,True,True,False,True,True,False,False,False,False,True,True
808093529,4000,45.0,2,brak informacji,0,brak informacji,,,biuro nieruchomości,,False,,,Mokotów,Stegny,al. Aleja Wilanowska,6,6,,,,,,,,,,,,
500093529,8500,123.0,4,miejskie,2,do zamieszkania,,,biuro nieruchomości,2002,True,blok,plastikowe,Mokotów,Stegny,,6,8,,,,True,True,False,False,True,False,False,False,False
338093529,3200,65.1,2,miejskie,,do zamieszkania,,,biuro nieruchomości,2000,True,blok,,Ursynów,Kabaty,ul. Melchiora Wańkowicza,3,4,True,False,False,,,,,,,,,
920093529,3200,47.0,2,brak informacji,,brak informacji,,,biuro nieruchomości,2008,True,apartamentowiec,plastikowe,Mokotów,Stegny,,1,,,,,True,True,False,False,False,False,False,False,False
238093529,6600,78.0,3,miejskie,6,do zamieszkania,,,prywatny,2011,True,blok,drewniane,Ursynów,Pyry,,1,3,True,True,True,False,True,True,False,True,False,False,False,False
379093529,5900,80.0,3,miejskie,1,do zamieszkania,,,biuro nieruchomości,2013,True,blok,,Ursynów,Wyczółki,ul. Zygmunta Modzelewskiego,5,7,True,True,True,False,True,True,False,False,False,False,False,False
503093531,3300,44.0,2,miejskie,740,do zamieszkania,,,prywatny,2000,False,blok,drewniane,Ursynów,Ursynów Północny,ul. Ludwika Paszkiewicza,0,3,True,True,True,,,,,,,,,
883093531,3000,48.0,2,miejskie,1,brak informacji,,,prywatny,,False,,,Ursynów,Ursynów Północny,ul. Stokłosy,5,10,,,,,,,,,,,,
184093531,3400,58.0,2,miejskie,727,do zamieszkania,,,prywatny,2010,True,blok,plastikowe,Ursynów,Natolin,ul. Franciszka Marii Lanciego,0,5,True,True,True,False,True,False,False,False,False,True,False,False
145093531,3950,63.0,3,miejskie,900,do zamieszkania,,,prywatny,1982,True,,plastikowe,Ursynów,Ursynów-Centrum,ul. Marii Grzegorzewskiej,1,11,,,,True,False,True,False,False,False,True,False,True
874093531,3000,45.0,2,gazowe,800,do zamieszkania,,,prywatny,1986,False,blok,plastikowe,Ursynów,Natolin,ul. Na Uboczu,1,4,,,,True,False,False,False,True,False,False,False,True
340093532,3400,58.0,2,miejskie,727,do zamieszkania,,,prywatny,2010,True,blok,plastikowe,Ursynów,Natolin,ul. Franciszka Marii Lanciego,0,5,True,True,True,False,True,False,False,False,False,True,False,False
309093532,4000,60.0,3,miejskie,990,do zamieszkania,,,prywatny,1985,False,blok,plastikowe,Ursynów,Ursynów-Centrum,ul. Stefana Kopcińskiego,2,4,,,,True,True,True,False,True,False,False,False,False
621093531,3900,41.0,2,miejskie,780,do zamieszkania,,,prywatny,2025,True,apartamentowiec,plastikowe,Ursynów,Ursynów-Centrum,,2,11,False,True,True,True,True,False,False,True,True,True,True,False
623093532,9000,160.0,4,brak informacji,1,do zamieszkania,,,biuro nieruchomości,,True,blok,plastikowe,Ursynów,Natolin,al. Aleja Komisji Edukacji Narodowej,3,8,True,True,True,True,True,True,False,False,False,False,True,True
935093531,2900,30.0,1,miejskie,580,do zamieszkania,,,prywatny,2019,True,blok,plastikowe,Ursynów,Wyczółki,ul. Taborowa 26,3,5,True,True,True,False,True,True,False,False,False,True,False,False
583093532,4500,42.0,2,brak informacji,750,do zamieszkania,,,prywatny,2018,True,blok,plastikowe,Ursynów,Stary Imielin,ul. Zięby,2,4,True,True,True,True,True,False,False,True,False,False,False,False
118093532,7300,120.0,4,miejskie,1,do zamieszkania,,,biuro nieruchomości,2005,True,apartamentowiec,drewniane,Ursynów,Kabaty,ul. Melchiora Wańkowicza,1,4,False,True,True,,,,,,,,,
680093532,3000,46.0,2,miejskie,850,do zamieszkania,,,prywatny,2004,False,blok,plastikowe,Ursynów,Stary Imielin,ul. Makolągwy 9,0,4,,,,False,True,False,False,True,False,False,False,False
559093532,2800,28.0,2,brak informacji,700,brak informacji,,,biuro nieruchomości,2023,True,apartamentowiec,plastikowe,Ursynów,Pyry,,1,,,,,True,False,False,False,False,False,False,False,True
628093532,5000,85.0,3,miejskie,1,do zamieszkania,,,biuro nieruchomości,2002,True,blok,plastikowe,Ursynów,Ursynów Północny,ul. Zaolziańska,3,3,True,True,True,True,True,False,False,True,True,False,False,True
293093532,2400,45.0,2,miejskie,1,do zamieszkania,,,biuro nieruchomości,1983,True,blok,plastikowe,Ursynów,Natolin,ul. Na Uboczu,4,10,,,,,,,,,,,,
815093532,3000,55.0,2,miejskie,,do zamieszkania,,,biuro nieruchomości,2010,True,apartamentowiec,,Ursynów,Ursynów Północny,Aleja KEN,5,6,True,False,False,True,True,False,False,False,False,False,False,False
203093532,11000,126.0,4,brak informacji,1,do zamieszkania,,,biuro nieruchomości,2002,True,blok,plastikowe,Ursynów,Natolin,ul. Belgradzka,2,7,True,True,True,True,True,False,False,False,False,False,True,False
319093532,8300,110.0,4,miejskie,0,do zamieszkania,,,biuro nieruchomości,2008,True,blok,plastikowe,Ursynów,Stary Imielin,ul. Alternatywy,1,7,True,True,True,True,True,False,False,False,False,False,True,False
582093532,3800,53.0,2,brak informacji,700,do zamieszkania,,,prywatny,2007,True,blok,,Ursynów,Stary Imielin,ul. Alternatywy,3,,True,True,True,True,True,False,False,False,False,False,False,True
273093532,12900,200.0,7,kotłownia,1,do zamieszkania,,,biuro nieruchomości,2000,True,blok,drewniane,Ursynów,Kabaty,ul. Melchiora Wańkowicza,4,4,,,,True,True,False,False,False,False,False,False,False
714093532,3100,46.0,2,miejskie,863,do zamieszkania,,,prywatny,2000,True,blok,drewniane,Ursynów,Kabaty,ul. Jerzego Zaruby,0,4,False,True,True,True,False,False,False,False,False,True,False,False
604093532,6000,74.14,3,miejskie,1,brak informacji,,,biuro nieruchomości,2020,True,apartamentowiec,plastikowe,Ursynów,Wyczółki,,0,4,True,True,True,False,True,False,True,True,False,False,False,False
454093532,3700,60.5,2,miejskie,800,do zamieszkania,,,prywatny,2001,True,blok,plastikowe,Ursynów,Natolin,ul. rtm. Witolda Pileckiego,1,5,,,,True,True,False,False,False,False,False,True,True
103093533,2750,42.0,1,miejskie,655,do zamieszkania,,,prywatny,,True,blok,plastikowe,Ursynów,Natolin,ul. Belgradzka,7,10,,,,True,False,False,False,False,False,True,True,False
115093532,5900,76.0,3,miejskie,980,do zamieszkania,,,biuro nieruchomości,2002,False,blok,plastikowe,Ursynów,Ursynów-Centrum,al. Aleja Komisji Edukacji Narodowej,2,3,True,False,False,True,True,False,False,False,False,False,False,False
800093532,5300,81.6,3,miejskie,1,do zamieszkania,,,biuro nieruchomości,2000,True,apartamentowiec,drewniane,Ursynów,Ursynów-Centrum,ul. Nowoursynowska,2,5,True,True,True,False,True,True,False,False,False,True,True,False
571093532,5000,64.0,3,miejskie,1,do zamieszkania,,,prywatny,2015,True,blok,plastikowe,Ursynów,Wyczółki,ul. Kłobucka,4,6,True,True,True,True,True,False,False,False,False,True,False,False
760093533,3400,51.0,2,miejskie,1,do zamieszkania,,,biuro nieruchomości,2008,True,apartamentowiec,drewniane,Ursynów,Natolin,ul. Stryjeńskich,3,4,True,True,True,True,True,False,False,False,False,True,False,False
477093533,5000,29.0,2,miejskie,520,do zamieszkania,,,biuro nieruchomości,2023,True,apartamentowiec,plastikowe,Ursynów,Wyczółki,ul. Kłobucka,7,10,True,True,True,True,True,False,False,False,False,False,True,False
490093533,3500,65.0,3,miejskie,,do zamieszkania,,,biuro nieruchomości,1980,True,blok,,Ursynów,Ursynów-Centrum,ul. Stefana Szolc-Rogozińskiego,4,8,,,,True,False,False,False,False,False,False,False,True
112093533,3000,25.0,1,miejskie,600,do zamieszkania,,,prywatny,2025,False,blok,plastikowe,Ursynów,Ursynów-Centrum,,3,,,,,False,True,False,False,False,False,True,True,False
476093533,4800,56.3,3,miejskie,800,do zamieszkania,,,prywatny,2025,True,blok,plastikowe,Ursynów,Ursynów-Centrum,ul. Józefa Feliksa Ciszewskiego,4,6,False,True,True,True,True,False,False,False,False,True,True,False
623093533,2900,52.0,2,gazowe,600,do zamieszkania,,,prywatny,2007,True,apartamentowiec,drewniane,Mokotów,Stegny,al. Aleja Wilanowska,3,6,True,True,True,True,True,False,False,False,False,True,False,True
187093534,3300,60.9,2,miejskie,1,do zamieszkania,,,prywatny,2002,True,blok,plastikowe,Ursynów,Natolin,ul. rtm. Witolda Pileckiego,0,,,,,True,False,False,False,False,False,True,False,True
619093533,2200,37.0,2,miejskie,500,do zamieszkania,,,prywatny,2001,True,apartamentowiec,plastikowe,Ursynów,Stary Imielin,ul. rtm. Witolda Pileckiego,2,6,True,True,True,True,False,False,False,False,False,True,False,False
162093533,3600,53.0,3,brak informacji,1,do zamieszkania,,,prywatny,,False,blok,,Ursynów,Ursynów Północny,ul. Edwarda Dembowskiego,3,3,,,,True,False,False,False,False,False,False,True,True
309093533,2800,46.0,2,miejskie,900,do zamieszkania,,,prywatny,2004,False,blok,plastikowe,Ursynów,Kabaty,ul. Stefana Dembego,1,4,True,True,True,True,True,False,False,False,False,True,False,False
580093534,8600,120.0,4,miejskie,1,do zamieszkania,,,prywatny,2008,False,apartamentowiec,plastikowe,Ursynów,Pyry,Alterntywy,4,6,True,True,True,True,False,True,False,False,False,False,False,False
226093533,3950,63.0,3,miejskie,900,do zamieszkania,,,prywatny,1982,True,,plastikowe,Ursynów,Ursynów-Centrum,ul. Marii Grzegorzewskiej,1,11,,,,True,False,True,False,False,False,True,False,True
310093535,3600,65.0,3,miejskie,1,do zamieszkania,,,prywatny,1992,False,blok,plastikowe,Ursynów,Ursynów Północny,ul. Okaryny,1,3,False,True,True,True,True,False,False,False,False,False,True,True
729093535,4300,40.69,2,miejskie,750,do zamieszkania,,,prywatny,2025,True,apartamentowiec,plastikowe,Ursynów,Ursynów-Centrum,ul. Józefa Feliksa Ciszewskiego,7,11,True,True,True,True,True,False,False,False,False,True,False,False
588093535,4000,60.0,3,miejskie,990,do zamieszkania,,,prywatny,1985,False,blok,plastikowe,Ursynów,Ursynów-Centrum,ul. Stefana Kopcińskiego,2,4,,,,True,True,True,False,True,False,False,False,False
944093535,3950,63.0,3,miejskie,900,do zamieszkania,,,prywatny,1982,True,,plastikowe,Ursynów,Ursynów-Centrum,ul. Marii Grzegorzewskiej,1,11,,,,True,False,True,False,False,False,True,False,True
949093536,3000,45.0,2,gazowe,800,do zamieszkania,,,prywatny,1986,False,blok,plastikowe,Ursynów,Natolin,ul. Na Uboczu,1,4,,,,True,False,False,False,True,False,False,False,True
951093536,3400,58.0,2,miejskie,727,do zamieszkania,,,prywatny,2010,True,blok,plastikowe,Ursynów,Natolin,ul. Franciszka Marii Lanciego,0,5,True,True,True,False,True,False,False,False,False,True,False,False
111093536,4000,60.0,3,miejskie,990,do zamieszkania,,,prywatny,1985,False,blok,plastikowe,Ursynów,Ursynów-Centrum,ul. Stefana Kopcińskiego,2,4,,,,True,True,True,False,True,False,False,False,False
953093536,3900,41.0,2,miejskie,780,do zamieszkania,,,prywatny,2025,True,apartamentowiec,plastikowe,Ursynów,Ursynów-Centrum,,2,11,False,True,True,True,True,False,False,True,True,True,True,False
965093536,9000,160.0,4,brak informacji,1,do zamieszkania,,,biuro nieruchomości,,True,blok,plastikowe,Ursynów,Natolin,al. Aleja Komisji Edukacji Narodowej,3,8,True,True,True,True,True,True,False,False,False,False,True,True
311093536,2900,30.0,1,miejskie,580,do zamieszkania,,,prywatny,2019,True,blok,plastikowe,Ursynów,Wyczółki,ul. Taborowa 26,3,5,True,True,True,False,True,True,False,False,False,True,False,False
214093536,4500,42.0,2,brak informacji,750,do zamieszkania,,,prywatny,2018,True,blok,plastikowe,Ursynów,Stary Imielin,ul. Zięby,2,4,True,True,True,True,True,False,False,True,False,False,False,False
514093536,7300,120.0,4,miejskie,1,do zamieszkania,,,biuro nieruchomości,2005,True,apartamentowiec,drewniane,Ursynów,Kabaty,ul. Melchiora Wańkowicza,1,4,False,True,True,,,,,,,,,
190093536,3000,46.0,2,miejskie,850,do zamieszkania,,,prywatny,2004,False,blok,plastikowe,Ursynów,Stary Imielin,ul. Makolągwy 9,0,4,,,,False,True,False,False,True,False,False,False,False
748093536,2800,28.0,2,brak informacji,700,brak informacji,,,biuro nieruchomości,2023,True,apartamentowiec,plastikowe,Ursynów,Pyry,,1,,,,,True,False,False,False,False,False,False,False,True
224093536,5000,85.0,3,miejskie,1,do zamieszkania,,,biuro nieruchomości,2002,True,blok,plastikowe,Ursynów,Ursynów Północny,ul. Zaolziańska,3,3,True,True,True,True,True,False,False,True,True,False,False,True
911093536,2400,45.0,2,miejskie,1,do zamieszkania,,,biuro nieruchomości,1983,True,blok,plastikowe,Ursynów,Natolin,ul. Na Uboczu,4,10,,,,,,,,,,,,
688093536,3000,55.0,2,miejskie,,do zamieszkania,,,biuro nieruchomości,2010,True,apartamentowiec,,Ursynów,Ursynów Północny,Aleja KEN,5,6,True,False,False,True,True,False,False,False,False,False,False,False
655093536,11000,126.0,4,brak informacji,1,do zamieszkania,,,biuro nieruchomości,2002,True,blok,plastikowe,Ursynów,Natolin,ul. Belgradzka,2,7,True,True,True,True,True,False,False,False,False,False,True,False
598093536,8300,110.0,4,miejskie,0,do zamieszkania,,,biuro nieruchomości,2008,True,blok,plastikowe,Ursynów,Stary Imielin,ul. Alternatywy,1,7,True,True,True,True,True,False,False,False,False,False,True,False
952093536,3800,53.0,2,brak informacji,700,do zamieszkania,,,prywatny,2007,True,blok,,Ursynów,Stary Imielin,ul. Alternatywy,3,,True,True,True,True,True,False,False,False,False,False,False,True
616093536,12900,200.0,7,kotłownia,1,do zamieszkania,,,biuro nieruchomości,2000,True,blok,drewniane,Ursynów,Kabaty,ul. Melchiora Wańkowicza,4,4,,,,True,True,False,False,False,False,False,False,False
459093536,3100,46.0,2,miejskie,863,do zamieszkania,,,prywatny,2000,True,blok,drewniane,Ursynów,Kabaty,ul. Jerzego Zaruby,0,4,False,True,True,True,False,False,False,False,False,True,False,False
490093536,6000,74.14,3,miejskie,1,brak informacji,,,biuro nieruchomości,2020,True,apartamentowiec,plastikowe,Ursynów,Wyczółki,,0,4,True,True,True,False,True,False,True,True,False,False,False,False
398093536,3700,60.5,2,miejskie,800,do zamieszkania,,,prywatny,2001,True,blok,plastikowe,Ursynów,Natolin,ul. rtm. Witolda Pileckiego,1,5,,,,True,True,False,False,False,False,False,True,True
410093536,2750,42.0,1,miejskie,655,do zamieszkania,,,prywatny,,True,blok,plastikowe,Ursynów,Natolin,ul. Belgradzka,7,10,,,,True,False,False,False,False,False,True,True,False
338093536,5900,76.0,3,miejskie,980,do zamieszkania,,,biuro nieruchomości,2002,False,blok,plastikowe,Ursynów,Ursynów-Centrum,al. Aleja Komisji Edukacji Narodowej,2,3,True,False,False,True,True,False,False,False,False,False,False,False
772093536,5300,81.6,3,miejskie,1,do zamieszkania,,,biuro nieruchomości,2000,True,apartamentowiec,drewniane,Ursynów,Ursynów-Centrum,ul. Nowoursynowska,2,5,True,True,True,False,True,True,False,False,False,True,True,False
633093536,5000,64.0,3,miejskie,1,do zamieszkania,,,prywatny,2015,True,blok,plastikowe,Ursynów,Wyczółki,ul. Kłobucka,4,6,True,True,True,True,True,False,False,False,False,True,False,False
769093537,3400,51.0,2,miejskie,1,do zamieszkania,,,biuro nieruchomości,2008,True,apartamentowiec,drewniane,Ursynów,Natolin,ul. Stryjeńskich,3,4,True,True,True,True,True,False,False,False,False,True,False,False
711093537,5000,29.0,2,miejskie,520,do zamieszkania,,,biuro nieruchomości,2023,True,apartamentowiec,plastikowe,Ursynów,Wyczółki,ul. Kłobucka,7,10,True,True,True,True,True,False,False,False,False,False,True,False
911093537,3500,65.0,3,miejskie,,do zamieszkania,,,biuro nieruchomości,1980,True,blok,,Ursynów,Ursynów-Centrum,ul. Stefana Szolc-Rogozińskiego,4,8,,,,True,False,False,False,False,False,False,False,True
331093537,3000,25.0,1,miejskie,600,do zamieszkania,,,prywatny,2025,False,blok,plastikowe,Ursynów,Ursynów-Centrum,,3,,,,,False,True,False,False,False,False,True,True,False
664093537,4800,56.3,3,miejskie,800,do zamieszkania,,,prywatny,2025,True,blok,plastikowe,Ursynów,Ursynów-Centrum,ul. Józefa Feliksa Ciszewskiego,4,6,False,True,True,True,True,False,False,False,False,True,True,False
553093537,2900,52.0,2,gazowe,600,do zamieszkania,,,prywatny,2007,True,apartamentowiec,drewniane,Mokotów,Stegny,al. Aleja Wilanowska,3,6,True,True,True,True,True,False,False,False,False,True,False,True
183093537,3300,60.9,2,miejskie,1,do zamieszkania,,,prywatny,2002,True,blok,plastikowe,Ursynów,Natolin,ul. rtm. Witolda Pileckiego,0,,,,,True,False,False,False,False,False,True,False,True
529093537,2200,37.0,2,miejskie,500,do zamieszkania,,,prywatny,2001,True,apartamentowiec,plastikowe,Ursynów,Stary Imielin,ul. rtm. Witolda Pileckiego,2,6,True,True,True,True,False,False,False,False,False,True,False,False
245093537,3600,53.0,3,brak informacji,1,do zamieszkania,,,prywatny,,False,blok,,Ursynów,Ursynów Północny,ul. Edwarda Dembowskiego,3,3,,,,True,False,False,False,False,False,False,True,True
370093537,2800,46.0,2,miejskie,900,do zamieszkania,,,prywatny,2004,False,blok,plastikowe,Ursynów,Kabaty,ul. Stefana Dembego,1,4,True,True,True,True,True,False,False,False,False,True,False,False
582093537,8600,120.0,4,miejskie,1,do zamieszkania,,,prywatny,2008,False,apartamentowiec,plastikowe,Ursynów,Pyry,Alterntywy,4,6,True,True,True,True,False,True,False,False,False,False,False,False
581093538,3950,63.0,3,miejskie,900,do zamieszkania,,,prywatny,1982,True,,plastikowe,Ursynów,Ursynów-Centrum,ul. Marii Grzegorzewskiej,1,11,,,,True,False,True,False,False,False,True,False,True
