link,id,price,location,area,rooms,heating,floor,maintenance_fee,condition,market,ownership,advertiser_type,year_built,elevator,building_type,windows,security,additional_features
https://www.otodom.pl/pl/oferta/bezposrednio-naddnieprzanska-30-4-pokoje-winda-tarasy-ID4tVsu,986094607,1595000.0,"ul. Naddnieprzańska 30, Marysin Wawerski, Wawer, Warszawa, mazowieckie",110m²,4,gazowe,3/3,2 000 zł,do zamieszkania,wtórny,pełna własność,prywatny,2013,tak,blok,plastikowe,monitoring / ochronateren zamknięty,balkon | taras | garaż/miejsce parkingowe | piwnica | oddzielna kuchnia
https://www.otodom.pl/pl/oferta/bezposrednio-piekne-mieszkanie-w-super-lokalizacji-ID4xEND,271094607,799000.0,"ul. Żegańska, Międzylesie, Wawer, Warszawa, mazowieckie",55.73m²,3,miejskie,1/3,620 zł,do zamieszkania,wtórny,pełna własność,prywatny,1955,nie,blok,plastikowe,,
https://www.otodom.pl/pl/oferta/mieszkanie-w-zieleni-i-ciszy-wawer-radosc-bardzo-dobra-lokalizacja-ID4xDB1,303094607,1399000.0,"ul. Rozszerzona, Radość, Wawer, Warszawa, mazowieckie",115m²,4,inne,1/2,brak informacji,do zamieszkania,wtórny,pełna własność,prywatny,2010,nie,apartamentowiec,drewniane,teren zamknięty,balkon | taras | garaż/miejsce parkingowe | pom. użytkowe | dwupoziomowe
https://www.otodom.pl/pl/oferta/jeziorowa-prestige-house-ID4wtOl,362094607,,,58 - 85 m²,,,,,,,,deweloper,,,,,teren zamknięty,
https://www.otodom.pl/pl/oferta/wiazana-residence-ID4u8R0,921094608,,,107 - 124 m²,,,,,,,,deweloper,,,,,brak informacji,
https://www.otodom.pl/pl/oferta/apartamenty-nowy-marysin-v-ID4ul3m,109094608,,,89 - 89 m²,,,,,,,,deweloper,,,,,brak informacji,
https://www.otodom.pl/pl/oferta/wawer-go-2-0-mieszkanie-2-pok-a2-m15-ID4sKoC,102094607,554344.0,"ul. Przylaszczkowa, Falenica, Wawer, Warszawa, mazowieckie",41.68m²,2,inne,1/3,brak informacji,do wykończenia,pierwotny,pełna własność,deweloper,2026,tak,apartamentowiec,plastikowe,teren zamknięty,balkon | garaż/miejsce parkingowe | pom. użytkowe
https://www.otodom.pl/pl/oferta/nowy-marysin-vii-ID4ul3p,826094608,,,43 - 87 m²,,,,,,,,deweloper,,,,,brak informacji,
https://www.otodom.pl/pl/oferta/vista-wawer-ID4ui3m,677094609,,,41 - 77 m²,,,,,,,,deweloper,,,,,brak informacji,
https://www.otodom.pl/pl/oferta/mieszkanie-dwupoziomowe-gotowe-do-zamieszkania-ID4xOWN,580094608,999999.0,"ul. Trakt Lubelski, Zerzeń, Wawer, Warszawa, mazowieckie",75.53m²,5,gazowe,2/3,300 zł,do zamieszkania,wtórny,pełna własność,prywatny,2023,nie,szeregowiec,plastikowe,,balkon | garaż/miejsce parkingowe | dwupoziomowe
https://www.otodom.pl/pl/oferta/pieknie-mieszkanie-5-min-skm-10-wilanow-20-lotnisko-30-centrum-ID4woJV,872094608,1687500.0,"ul. Garncarska, Miedzeszyn, Wawer, Warszawa, mazowieckie",122m²,5,gazowe,1,brak informacji,brak informacji,wtórny,pełna własność,prywatny,,nie,apartamentowiec,plastikowe,teren zamknięty,balkon | garaż/miejsce parkingowe | dwupoziomowe
https://www.otodom.pl/pl/oferta/nowy-segment-parter-wawer-75-m-ogrod-114m-gotowy-do-zamieszkania-ID4vhar,840094609,1214999.0,"ul. Tawułkowa, Miedzeszyn, Wawer, Warszawa, mazowieckie",75m²,3,gazowe,parter,0 zł,do zamieszkania,wtórny,pełna własność,prywatny,2024,nie,szeregowiec,plastikowe,monitoring / ochronateren zamknięty,ogródek | taras | garaż/miejsce parkingowe | pom. użytkowe
https://www.otodom.pl/pl/oferta/bezposrednio-naddnieprzanska-30-4-pokoje-winda-tarasy-ID4tVsu,748094608,1595000.0,"ul. Naddnieprzańska 30, Marysin Wawerski, Wawer, Warszawa, mazowieckie",110m²,4,gazowe,3/3,2 000 zł,do zamieszkania,wtórny,pełna własność,prywatny,2013,tak,blok,plastikowe,monitoring / ochronateren zamknięty,balkon | taras | garaż/miejsce parkingowe | piwnica | oddzielna kuchnia
https://www.otodom.pl/pl/oferta/mieszkanie-2-pokoje-marysin-wawerski-balkon-ID4w4hL,871094609,820000.0,"Marysin Wawerski, Wawer, Warszawa, mazowieckie",49.35m²,2,miejskie,4/5,757 zł,do zamieszkania,wtórny,pełna własność,biuro nieruchomości,2019,tak,blok,plastikowe,teren zamkniętymonitoring / ochrona,balkon | garaż/miejsce parkingowe | pom. użytkowe
https://www.otodom.pl/pl/oferta/funkcjonalne-jasne-3pok-parking-piwnica-balkon-niski-czynsz-ID4xhjH,130094609,654500.0,"ul. Żegańska, Międzylesie, Wawer, Warszawa, mazowieckie",49.6m²,3,kotłownia,2/3,535 zł,do zamieszkania,wtórny,pełna własność,biuro nieruchomości,1950,nie,szeregowiec,plastikowe,,balkon | garaż/miejsce parkingowe | piwnica
https://www.otodom.pl/pl/oferta/nova-kuligowska-ID4u9wj,270094609,,,78 - 78 m²,,,,,,,,deweloper,,,,,brak informacji,
https://www.otodom.pl/pl/oferta/69-4m2-ogrodek-187m2-712m2-widok-na-las-klucze-12-2025-ID4p8pN,180094609,1000000.0,"ul. Bysławska, Falenica, Wawer, Warszawa, mazowieckie",69.4m²,3,gazowe,parter/2,brak informacji,do wykończenia,pierwotny,pełna własność,prywatny,2025,nie,,plastikowe,teren zamkniętymonitoring / ochrona,ogródek | taras | garaż/miejsce parkingowe
https://www.otodom.pl/pl/oferta/2-pokojowe-mieszkanie-40m2-loggia-bezposrednio-ID4upwc,884094609,,"ul. Zwoleńska, Zerzeń, Wawer, Warszawa, mazowieckie",40.45m²,2,brak informacji,parter/3,brak informacji,do wykończenia,pierwotny,pełna własność,deweloper,2025,tak,,,teren zamknięty,
https://www.otodom.pl/pl/oferta/3-pokojowe-mieszkanie-74m2-balkon-ID4uhgT,291094609,,"ul. Bysławska, Falenica, Wawer, Warszawa, mazowieckie",74.6m²,3,brak informacji,1/1,brak informacji,do wykończenia,pierwotny,pełna własność,deweloper,2025,nie,,,teren zamknięty,
https://www.otodom.pl/pl/oferta/3-pokojowe-mieszkanie-ogrod-smart-home-wykonczone-ID4v6eQ,442094609,114933524.0,"ul. Poezji, Falenica, Wawer, Warszawa, mazowieckie",63.47m²,3,miejskie,parter/5,brak informacji,do zamieszkania,pierwotny,użytkowanie wieczyste / dzierżawa,deweloper,2025,tak,blok,plastikowe,monitoring / ochrona,
https://www.otodom.pl/pl/oferta/mieszkanie-3-pokoje-z-tarasem-i-ogrodem-ID4xxsj,895094609,1199000.0,"ul. Południowa, Nadwiśle, Wawer, Warszawa, mazowieckie",70.2m²,3,gazowe,parter/1,1 200 zł,do zamieszkania,wtórny,pełna własność,prywatny,2002,nie,dom wolnostojący,plastikowe,monitoring / ochronateren zamknięty,ogródek | taras | garaż/miejsce parkingowe | pom. użytkowe | oddzielna kuchnia
https://www.otodom.pl/pl/oferta/do-remontu-2-3-pokoje-oddzielna-kuchnia-w-zielonej-czesci-wawra-ID4vXzO,598094610,565000.0,"ul. Potockich, Marysin Wawerski, Wawer, Warszawa, mazowieckie",47m²,3,miejskie,parter/10,800 zł,do remontu,wtórny,brak informacji,biuro nieruchomości,1970,tak,blok,,,piwnica | oddzielna kuchnia
https://www.otodom.pl/pl/oferta/mieszkanie-2-pokojowe-54-m2-z-ogrodem-do-zamieszkania-warszawa-wawer-ID4vfab,967094610,900000.0,"Marysin Wawerski, Wawer, Warszawa, mazowieckie",54m²,2,miejskie,parter/4,800 zł,do zamieszkania,wtórny,pełna własność,prywatny,2015,tak,blok,plastikowe,monitoring / ochronateren zamknięty,ogródek | taras | garaż/miejsce parkingowe
https://www.otodom.pl/pl/oferta/3-pokoje-ogrodek-102m2-wawer-ID4xOqg,285094610,1089000.0,"ul. Strzygłowska, Nadwiśle, Wawer, Warszawa, mazowieckie",75.54m²,3,gazowe,parter/1,brak informacji,do zamieszkania,wtórny,pełna własność,biuro nieruchomości,2020,nie,szeregowiec,plastikowe,monitoring / ochronateren zamknięty,ogródek | taras | garaż/miejsce parkingowe | pom. użytkowe
https://www.otodom.pl/pl/oferta/wyjatkowe-3-pokoje-kamienica-wysoki-standard-ID4xOpf,803094610,799000.0,"ul. Żegańska, Międzylesie, Wawer, Warszawa, mazowieckie",55.73m²,3,brak informacji,1/3,0,do zamieszkania,wtórny,pełna własność,biuro nieruchomości,1955,nie,,plastikowe,,
https://www.otodom.pl/pl/oferta/3-pokojowe-mieszkanie-z-ogrodem-anin-bezczynszowe-ID4tzwi,532094610,952500.0,"Anin, Wawer, Warszawa, mazowieckie",60m²,3,gazowe,parter/1,brak informacji,do zamieszkania,wtórny,pełna własność,biuro nieruchomości,1921,nie,kamienica,plastikowe,,taras | ogródek | garaż/miejsce parkingowe | piwnica
https://www.otodom.pl/pl/oferta/wyjatkowe-dwupokojowe-nowe-mieszkanie-w-wawrze-ID4x8Eq,659094610,850000.0,"ul. Mieczysława Pożaryskiego, Międzylesie, Wawer, Warszawa, mazowieckie",44m²,2,miejskie,4/4,"774,28 zł",brak informacji,pierwotny,pełna własność,biuro nieruchomości,2024,tak,blok,,monitoring / ochrona,
https://www.otodom.pl/pl/oferta/przestronne-mieszkanie-70m2-poddasze-warszawa-wawer-ID4xxfs,997094610,1200000.0,"ul. Celulozy, Nadwiśle, Wawer, Warszawa, mazowieckie",70.01m²,4,gazowe,1,0 zł,do zamieszkania,wtórny,brak informacji,prywatny,2020,nie,szeregowiec,plastikowe,teren zamknięty,balkon | garaż/miejsce parkingowe | dwupoziomowe
https://www.otodom.pl/pl/oferta/bezczynszowe-mieszkanie-z-ogrodkiem-ID4xOl0,778094610,780000.0,"Międzylesie, Wawer, Warszawa, mazowieckie",67m²,3,gazowe,1/2,brak informacji,brak informacji,wtórny,pełna własność,biuro nieruchomości,2025,nie,apartamentowiec,plastikowe,,ogródek | garaż/miejsce parkingowe
https://www.otodom.pl/pl/oferta/4-pokojowe-bezczynszowe-mieszkanie-w-wawrze-ID4xlQG,599094610,1470000.0,"Uszatki, Nadwiśle, Wawer, Warszawa, mazowieckie",111m²,4,brak informacji,1/3,brak informacji,do zamieszkania,wtórny,pełna własność,biuro nieruchomości,2019,nie,,,monitoring / ochrona,ogródek | taras | garaż/miejsce parkingowe | oddzielna kuchnia
https://www.otodom.pl/pl/oferta/2-pokojowe-mieszkanie-39m2-balkon-ID4xBe1,749094610,,"ul. Trakt Lubelski, Zerzeń, Wawer, Warszawa, mazowieckie",39.51m²,2,gazowe,2/3,brak informacji,do wykończenia,pierwotny,pełna własność,deweloper,2026,nie,,plastikowe,,
https://www.otodom.pl/pl/oferta/gotowe-do-wejscia-ID4vpKJ,378094610,779000.0,"ul. Kościuszkowców, Marysin Wawerski, Wawer, Warszawa, mazowieckie",58.21m²,3,miejskie,4/4,880 zł,do zamieszkania,wtórny,pełna własność,biuro nieruchomości,1982,nie,blok,plastikowe,,balkon | garaż/miejsce parkingowe | piwnica | oddzielna kuchnia
https://www.otodom.pl/pl/oferta/ostatnie-mieszkanie-w-super-cenie-ID4uxr9,243094610,949000.0,"ul. Wacława Wojtyszki, Nadwiśle, Wawer, Warszawa, mazowieckie",89m²,4,brak informacji,1/2,0 zł,do zamieszkania,pierwotny,pełna własność,biuro nieruchomości,2022,nie,,,,balkon | ogródek | garaż/miejsce parkingowe
https://www.otodom.pl/pl/oferta/luksusowe-3-pokoje-ciche-taras-ogrodek-ID4xwyV,552094611,1500000.0,"ul. Tawułkowa, Miedzeszyn, Wawer, Warszawa, mazowieckie",75m²,3,miejskie,parter/2,brak informacji,do zamieszkania,wtórny,pełna własność,biuro nieruchomości,2023,nie,dom wolnostojący,plastikowe,monitoring / ochrona,taras | ogródek | garaż/miejsce parkingowe | piwnica
https://www.otodom.pl/pl/oferta/nowe-elegancko-wykonczone-mieszkanie-z-duzym-balkonem-ID4xmJE,983094611,560000.0,"ul. Mieczysława Pożaryskiego, Międzylesie, Wawer, Warszawa, mazowieckie",28.03m²,1,miejskie,3/4,323 zł,do zamieszkania,wtórny,pełna własność,biuro nieruchomości,2024,tak,blok,plastikowe,monitoring / ochrona,balkon | taras
https://www.otodom.pl/pl/oferta/pietro-69-74-60m2-poddasze-ogrody-byslawska-ID4p8qo,661094613,809000.0,"ul. Bysławska, Falenica, Wawer, Warszawa, mazowieckie",74.6m²,4,gazowe,1/2,brak informacji,do wykończenia,pierwotny,pełna własność,prywatny,2025,nie,,plastikowe,teren zamkniętymonitoring / ochrona,balkon | dwupoziomowe
https://www.otodom.pl/pl/oferta/unikalna-lokalizacja-ogrodek-skm-s1-niepowtarzalny-klimat-ID4xcWJ,908094613,1250000.0,"ul. Garncarska, Miedzeszyn, Wawer, Warszawa, mazowieckie",75m²,3,gazowe,parter/1,560 zł,do zamieszkania,wtórny,pełna własność,prywatny,2008,nie,kamienica,plastikowe,monitoring / ochronateren zamknięty,ogródek | taras | garaż/miejsce parkingowe | pom. użytkowe | oddzielna kuchnia
https://www.otodom.pl/pl/oferta/zamieszkaj-lepiej-cena-9-882zl-m2-ostatni-dom-ID4jDiX,151094613,1344000.0,"Las, Wawer, Warszawa, mazowieckie",136.69m²,5,inne,brak informacji,brak informacji,do wykończenia,pierwotny,brak informacji,prywatny,2024,nie,,plastikowe,teren zamknięty,ogródek | garaż/miejsce parkingowe | oddzielna kuchnia | pom. użytkowe
https://www.otodom.pl/pl/oferta/jeziorowa-prestige-house-ID4wtOl,187094613,,,58 - 85 m²,,,,,,,,deweloper,,,,,teren zamknięty,
https://www.otodom.pl/pl/oferta/goclawek-80m2-3-pokoje-z-garazem-ID4xvKJ,288094613,899000.0,"ul. Minerska, Marysin Wawerski, Wawer, Warszawa, mazowieckie",79.95m²,3,miejskie,3/3,960 zł,brak informacji,wtórny,pełna własność,biuro nieruchomości,2008,nie,blok,plastikowe,teren zamknięty,balkon | garaż/miejsce parkingowe
https://www.otodom.pl/pl/oferta/4-pokoje-aneks-kuchenny-podwojne-miejsce-postojowe-komorka-ID4xfP4,767094614,1069500.0,"Marysin Wawerski, Wawer, Warszawa, mazowieckie",69m²,4,miejskie,parter/3,1 400 zł,do zamieszkania,wtórny,pełna własność,prywatny,2010,nie,blok,plastikowe,monitoring / ochronateren zamknięty,balkon | ogródek | garaż/miejsce parkingowe | piwnica
https://www.otodom.pl/pl/oferta/wawer-trzypokojowe-mieszkanie-z-ogrodkiem-ID4xfLP,863094613,1470000.0,"ul. Trakt Lubelski, Zerzeń, Wawer, Warszawa, mazowieckie",93m²,3,gazowe,parter/1,255 zł,do zamieszkania,wtórny,pełna własność,prywatny,2022,nie,szeregowiec,plastikowe,teren zamknięty,ogródek | taras | garaż/miejsce parkingowe
https://www.otodom.pl/pl/oferta/wiazana-residence-ID4u8R0,460094613,,,107 - 124 m²,,,,,,,,deweloper,,,,,brak informacji,
https://www.otodom.pl/pl/oferta/3-pokojowe-mieszkanie-54m2-ogrodek-bezposrednio-ID4upwd,836094614,,"ul. Zwoleńska, Zerzeń, Wawer, Warszawa, mazowieckie",54.66m²,3,brak informacji,parter/3,brak informacji,do wykończenia,pierwotny,pełna własność,deweloper,2025,tak,,,teren zamknięty,balkon | ogródek | garaż/miejsce parkingowe | oddzielna kuchnia
https://www.otodom.pl/pl/oferta/3-pokojowe-mieszkanie-75m2-ogrodek-ID4uhhc,240094614,,"ul. Bysławska, Falenica, Wawer, Warszawa, mazowieckie",75m²,3,brak informacji,parter/1,brak informacji,do wykończenia,pierwotny,pełna własność,deweloper,2025,nie,,,teren zamknięty,
https://www.otodom.pl/pl/oferta/vista-wawer-ID4ui3m,916094614,,,41 - 77 m²,,,,,,,,deweloper,,,,,brak informacji,
https://www.otodom.pl/pl/oferta/q-four-jedna-willa-miejska-cztery-dwupoziomowe-apartamenty-z-ogrodkami-ID4x7BG,364094614,1846500.0,"ul. Wacława Wojtyszki, Nadwiśle, Wawer, Warszawa, mazowieckie",120.79m²,5,inne,parter/1,0 zł,do wykończenia,pierwotny,pełna własność,biuro nieruchomości,2025,nie,apartamentowiec,aluminiowe,monitoring / ochronateren zamknięty,balkon | ogródek | taras | garaż/miejsce parkingowe | pom. użytkowe | dwupoziomowe | oddzielna kuchnia
https://www.otodom.pl/pl/oferta/klimatyzacjapelne-agd-taras-53m-szafy-led-ID4wAss,893094614,1550000.0,"Poematu, Falenica, Wawer, Warszawa, mazowieckie",86m²,3,miejskie,3/3,700 zł,do zamieszkania,wtórny,pełna własność,biuro nieruchomości,2022,tak,apartamentowiec,plastikowe,,taras | garaż/miejsce parkingowe
https://www.otodom.pl/pl/oferta/3-pokoje-w-stanie-deweloperskim-poddasze-50-m2-ID4t6ac,557094614,894000.0,"ul. Borków, Zerzeń, Wawer, Warszawa, mazowieckie",86.9m²,3,gazowe,1/1,brak informacji,do wykończenia,pierwotny,pełna własność,biuro nieruchomości,2025,nie,,plastikowe,,balkon | ogródek | garaż/miejsce parkingowe | dwupoziomowe
https://www.otodom.pl/pl/oferta/genialny-rozklad-strzezone-osiedle-dla-rodziny-ID4xNJn,764094614,850000.0,"ul. Tytoniowa, Marysin Wawerski, Wawer, Warszawa, mazowieckie",68.3m²,3,gazowe,1/4,747 zł,do wykończenia,wtórny,pełna własność,biuro nieruchomości,1996,nie,blok,drewniane,teren zamkniętymonitoring / ochrona,balkon | garaż/miejsce parkingowe | piwnica | oddzielna kuchnia
https://www.otodom.pl/pl/oferta/4-pokoje-2-balkony-garaz-dobra-komunikacja-ID4x6Qq,400094614,1399000.0,"ul. Pomiechowska, Sadul, Wawer, Warszawa, mazowieckie",121.6m²,4,elektryczne,2/3,0,do zamieszkania,wtórny,pełna własność,biuro nieruchomości,2001,nie,,plastikowe,,balkon | garaż/miejsce parkingowe
https://www.otodom.pl/pl/oferta/3-pokoje-zamkniete-strzezone-osiedle-garaz-x2-ID4vNwH,615094614,980000.0,"Marysin Wawerski, Wawer, Warszawa, mazowieckie",85.17m²,3,miejskie,1/3,"1 256,85 zł",brak informacji,wtórny,pełna własność,biuro nieruchomości,2011,nie,apartamentowiec,,monitoring / ochrona,balkon | garaż/miejsce parkingowe | piwnica
https://www.otodom.pl/pl/oferta/bezposrednio-piekne-mieszkanie-w-super-lokalizacji-ID4xEND,199094614,799000.0,"ul. Żegańska, Międzylesie, Wawer, Warszawa, mazowieckie",55.73m²,3,miejskie,1/3,620 zł,do zamieszkania,wtórny,pełna własność,prywatny,1955,nie,blok,plastikowe,,
https://www.otodom.pl/pl/oferta/kameralnie-wielki-taras-garaz-2-pokoje-ID4xNBV,850094615,696000.0,"ul. Świebodzińska, Międzylesie, Wawer, Warszawa, mazowieckie",40.45m²,2,gazowe,3/3,500 zł,do wykończenia,pierwotny,pełna własność,biuro nieruchomości,2025,tak,apartamentowiec,,monitoring / ochrona,taras | balkon | garaż/miejsce parkingowe | piwnica
https://www.otodom.pl/pl/oferta/2-pok-43m2-garaz-spokoj-prowizja-pcc-0-ID4xNzA,654094615,615000.0,"ul. Zwoleńska, Zerzeń, Wawer, Warszawa, mazowieckie",43m²,2,miejskie,2/3,400 zł,do wykończenia,pierwotny,pełna własność,biuro nieruchomości,2025,tak,apartamentowiec,,monitoring / ochrona,balkon | ogródek | garaż/miejsce parkingowe
https://www.otodom.pl/pl/oferta/atrakcyjne-trzy-pokoje-ul-storczykowa-ID4xNu7,625094614,779000.0,"ul. Storczykowa, Marysin Wawerski, Wawer, Warszawa, mazowieckie",72.68m²,3,gazowe,1/3,360 zł,do zamieszkania,wtórny,pełna własność,biuro nieruchomości,2008,nie,blok,,,garaż/miejsce parkingowe | oddzielna kuchnia
https://www.otodom.pl/pl/oferta/mieszkanie-2-pokojowe-60m2-z-tarasem-ID4xhso,582094615,870000.0,"ul. Południowa, Nadwiśle, Wawer, Warszawa, mazowieckie",60m²,2,gazowe,parter/1,880 zł,brak informacji,wtórny,pełna własność,prywatny,2005,nie,blok,plastikowe,monitoring / ochronateren zamknięty,ogródek | taras | garaż/miejsce parkingowe | pom. użytkowe
https://www.otodom.pl/pl/oferta/gotowe-4p-marysin-wawerski-18-min-do-centrum-skm-ID4vOaP,960094615,1318060.0,"Marysin Wawerski, Wawer, Warszawa, mazowieckie",89.87m²,4,brak informacji,4/5,0,do wykończenia,pierwotny,brak informacji,biuro nieruchomości,2025,nie,,,,balkon | garaż/miejsce parkingowe
https://www.otodom.pl/pl/oferta/przytulne-jasne-3m-w-zielonym-sercu-anina-ID4xDRM,236094615,949000.0,"ul. Mieczysława Pożaryskiego, Anin, Wawer, Warszawa, mazowieckie",55.73m²,3,gazowe,2/3,750 zł,do zamieszkania,wtórny,pełna własność,biuro nieruchomości,2017,tak,apartamentowiec,plastikowe,monitoring / ochrona,balkon | garaż/miejsce parkingowe
https://www.otodom.pl/pl/oferta/5-pokoi-wal-miedzeszynski-wawer-ID4wlDl,695094615,1314000.0,"ul. Wał Miedzeszyński, Las, Wawer, Warszawa, mazowieckie",116.14m²,5,gazowe,brak informacji,331 zł,do zamieszkania,wtórny,pełna własność,biuro nieruchomości,2013,nie,,plastikowe,,balkon | garaż/miejsce parkingowe
https://www.otodom.pl/pl/oferta/wawer-4-pokoje-dla-rodziny-do-negocjacji-ID4xCrV,297094615,1370000.0,"ul. Pod Brzozami, Zerzeń, Wawer, Warszawa, mazowieckie",90.3m²,4,gazowe,parter/2,0 zł,do zamieszkania,wtórny,pełna własność,biuro nieruchomości,2015,nie,,,teren zamknięty,balkon | dwupoziomowe | pom. użytkowe
https://www.otodom.pl/pl/oferta/eleganckie-bezczynszowe-mieszkanie-wsrod-zieleni-ID4vMfi,535094615,1250000.0,"Miedzeszyn, Wawer, Warszawa, mazowieckie",125m²,4,gazowe,1/1,90 zł,do zamieszkania,wtórny,pełna własność,biuro nieruchomości,2025,nie,,,,balkon | garaż/miejsce parkingowe | dwupoziomowe
https://www.otodom.pl/pl/oferta/pietro-69-74-60m2-poddasze-ogrody-byslawska-ID4p8qo,685094615,809000.0,"ul. Bysławska, Falenica, Wawer, Warszawa, mazowieckie",74.6m²,4,gazowe,1/2,brak informacji,do wykończenia,pierwotny,pełna własność,prywatny,2025,nie,,plastikowe,teren zamkniętymonitoring / ochrona,balkon | dwupoziomowe
https://www.otodom.pl/pl/oferta/segment-3-pokoje-z-kominkiem-i-duzym-balkonem-wawer-miedzeszyn-70-5-m-ID4x9G2,706094615,950000.0,"ul. Celulozy, Nadwiśle, Wawer, Warszawa, mazowieckie",70.5m²,3,gazowe,1/1,brak informacji,do zamieszkania,wtórny,pełna własność,prywatny,2008,nie,szeregowiec,plastikowe,monitoring / ochronateren zamknięty,balkon | garaż/miejsce parkingowe
https://www.otodom.pl/pl/oferta/mieszkanie-46-m2-balkon-8m2-zielony-marysin-ID4xN8F,916094616,820000.0,"ul. Korkowa, Marysin Wawerski, Wawer, Warszawa, mazowieckie",46m²,2,miejskie,2/5,640 zł,do zamieszkania,wtórny,pełna własność,prywatny,2016,tak,blok,plastikowe,monitoring / ochronateren zamknięty,balkon | garaż/miejsce parkingowe
https://www.otodom.pl/pl/oferta/2-pokojowe-mieszkanie-39m2-balkon-bezposrednio-ID4xBdQ,801094616,,"ul. Trakt Lubelski, Zerzeń, Wawer, Warszawa, mazowieckie",39.51m²,2,gazowe,1/3,brak informacji,do wykończenia,pierwotny,pełna własność,deweloper,2026,nie,,plastikowe,,
https://www.otodom.pl/pl/oferta/mieszkanie-36-pokoi-z-dodatkowym-poddaszem-m2-ID4pPHB,741094616,795000.0,"ul. Trakt Lubelski, Zerzeń, Wawer, Warszawa, mazowieckie",76.3m²,3,brak informacji,1/1,brak informacji,brak informacji,pierwotny,brak informacji,deweloper,2025,nie,,,teren zamknięty,
https://www.otodom.pl/pl/oferta/apartament-4-pokojowy-z-widokiem-na-las-ID4xDal,639094616,1199000.0,"Falenica, Wawer, Warszawa, mazowieckie",75m²,4,brak informacji,1/5,1 027 zł,do zamieszkania,wtórny,brak informacji,biuro nieruchomości,2023,nie,,,,balkon | taras | garaż/miejsce parkingowe
https://www.otodom.pl/pl/oferta/dwa-pokoje-na-zamknietym-osiedlu-w-wawrze-ID4xB3U,994094616,750000.0,"Zerzeń, Wawer, Warszawa, mazowieckie",44.7m²,2,gazowe,2/2,brak informacji,do zamieszkania,wtórny,pełna własność,biuro nieruchomości,2007,nie,blok,plastikowe,monitoring / ochronateren zamknięty,balkon | ogródek | garaż/miejsce parkingowe | pom. użytkowe | dwupoziomowe
https://www.otodom.pl/pl/oferta/wyjatkowy-dom-z-ogrodem-40m2-ID4xMPm,669094616,897000.0,"ul. Wał Miedzeszyński, Nadwiśle, Wawer, Warszawa, mazowieckie",78m²,4,brak informacji,2/2,0,do wykończenia,pierwotny,brak informacji,biuro nieruchomości,2025,nie,,,,ogródek | garaż/miejsce parkingowe
https://www.otodom.pl/pl/oferta/wawer-50m-balkon-widok-na-las-wysoki-stand-ID4xa7N,866094616,829000.0,"ul. Mirtowa, Sadul, Wawer, Warszawa, mazowieckie",50m²,2,kotłownia,3/3,690 zł,do zamieszkania,wtórny,pełna własność,biuro nieruchomości,,tak,apartamentowiec,,teren zamkniętymonitoring / ochrona,
https://www.otodom.pl/pl/oferta/apartament-na-wawrze-idealny-dla-rodziny-ID4oVQ8,932094616,1050000.0,"ul. Trakt Lubelski, Zerzeń, Wawer, Warszawa, mazowieckie",91m²,4,gazowe,parter/4,500 zł,do zamieszkania,wtórny,pełna własność,biuro nieruchomości,2023,nie,apartamentowiec,,,
https://www.otodom.pl/pl/oferta/bezczynszowe-trzypokojowe-mieszkanie-w-segmencie-ID4vrXE,582094616,1313000.0,"ul. Pod Brzozami, Zerzeń, Wawer, Warszawa, mazowieckie",91.6m²,3,gazowe,1/2,300 zł,do zamieszkania,wtórny,pełna własność,biuro nieruchomości,2012,nie,,plastikowe,teren zamknięty,balkon | garaż/miejsce parkingowe
https://www.otodom.pl/pl/oferta/67m-2-garaz-miejsce-ogrodek-bezczynszowe-kanalizacja-gaz-wykonczo-ID4xMrc,907094617,1179000.0,"ul. Borowiecka, Nadwiśle, Wawer, Warszawa, mazowieckie",67m²,3,gazowe,1,0 zł,do zamieszkania,wtórny,pełna własność,biuro nieruchomości,2025,nie,szeregowiec,plastikowe,teren zamknięty,balkon | ogródek | garaż/miejsce parkingowe | pom. użytkowe
https://www.otodom.pl/pl/oferta/przy-lesie-balkon-piwnica-mozliwosc-zalozenia-kw-ID4xH28,415094617,649000.0,"ul. Korkowa, Marysin Wawerski, Wawer, Warszawa, mazowieckie",48m²,3,miejskie,2/4,700 zł,do zamieszkania,wtórny,spółdzielcze wł. prawo do lokalu,biuro nieruchomości,1969,nie,blok,plastikowe,monitoring / ochrona,balkon | piwnica
https://www.otodom.pl/pl/oferta/wawer-go-2-0-mieszkanie-2-pok-a1-m08-ID4sKmE,757094616,520290.0,"ul. Przylaszczkowa, Falenica, Wawer, Warszawa, mazowieckie",38.54m²,2,inne,1/3,brak informacji,do wykończenia,pierwotny,pełna własność,deweloper,2026,tak,apartamentowiec,plastikowe,teren zamknięty,balkon | garaż/miejsce parkingowe | pom. użytkowe
https://www.otodom.pl/pl/oferta/anin-pazinskiego-2-pokojowe-518-000zl-okazja-ID4xLPt,757094616,518000.0,"ul. Romana Pazińskiego, Anin, Wawer, Warszawa, mazowieckie",37m²,2,miejskie,2/2,brak informacji,do remontu,wtórny,brak informacji,biuro nieruchomości,1964,nie,blok,,,balkon | piwnica | oddzielna kuchnia
https://www.otodom.pl/pl/oferta/wawer-4-pokoje-poddasze-71-75-m2-gratis-ID4s9Zc,787094617,1300000.0,"ul. Czarnołęcka, Międzylesie, Wawer, Warszawa, mazowieckie",86.57m²,4,gazowe,1/2,0,brak informacji,pierwotny,pełna własność,biuro nieruchomości,2025,tak,apartamentowiec,,teren zamkniętymonitoring / ochrona,balkon | garaż/miejsce parkingowe | pom. użytkowe
https://www.otodom.pl/pl/oferta/cicha-przytulna-kawalerka-z-balkonem-i-miejscem-postojowym-ID4xeNb,852094617,475000.0,"ul. Wał Miedzeszyński, Zerzeń, Wawer, Warszawa, mazowieckie",31.5m²,1,gazowe,1/2,brak informacji,do zamieszkania,wtórny,pełna własność,prywatny,2003,nie,szeregowiec,plastikowe,teren zamknięty,balkon | garaż/miejsce parkingowe | pom. użytkowe
https://www.otodom.pl/pl/oferta/ogrodek-200-m2-fotowoltaika-bezczynszowe-ID4xLGh,322094617,700000.0,"ul. Życzyńska, Międzylesie, Wawer, Warszawa, mazowieckie",45.82m²,2,kotłownia,parter/1,0 zł,do zamieszkania,wtórny,pełna własność,biuro nieruchomości,1957,nie,,plastikowe,,ogródek | taras | garaż/miejsce parkingowe | piwnica | oddzielna kuchnia
https://www.otodom.pl/pl/oferta/mieszkanie-w-zieleni-i-ciszy-wawer-radosc-bardzo-dobra-lokalizacja-ID4xDB1,852094617,1399000.0,"ul. Rozszerzona, Radość, Wawer, Warszawa, mazowieckie",115m²,4,inne,1/2,brak informacji,do zamieszkania,wtórny,pełna własność,prywatny,2010,nie,apartamentowiec,drewniane,teren zamknięty,balkon | taras | garaż/miejsce parkingowe | pom. użytkowe | dwupoziomowe
https://www.otodom.pl/pl/oferta/lokal-177-15-m2-dom-dwulokalowy-ID4vxqH,785094617,1990000.0,"ul. Mrówcza, Międzylesie, Wawer, Warszawa, mazowieckie",177.15m²,6,inne,parter/3,brak informacji,do wykończenia,pierwotny,pełna własność,prywatny,2025,nie,dom wolnostojący,plastikowe,,ogródek | taras
https://www.otodom.pl/pl/oferta/wawer-4-pokoje-hit-promoja-na-jedno-mieszkanie-ID4xi9R,415094617,829000.0,"ul. Borowiecka, Nadwiśle, Wawer, Warszawa, mazowieckie",79.97m²,4,gazowe,1,0 zł,do wykończenia,pierwotny,pełna własność,prywatny,2025,nie,,,,balkon | ogródek | garaż/miejsce parkingowe | dwupoziomowe
https://www.otodom.pl/pl/oferta/wawer-parter-ogrodek-ID4xkMP,766094617,775000.0,"ul. Borowiecka, Nadwiśle, Wawer, Warszawa, mazowieckie",64.6m²,4,brak informacji,brak informacji,brak informacji,do zamieszkania,pierwotny,pełna własność,prywatny,,nie,,,,balkon | ogródek | garaż/miejsce parkingowe
https://www.otodom.pl/pl/oferta/wawer-ul-borowiecka-powierzchnia-67-metrow-garaz-26-metrow-ID4vRCR,107094618,799000.0,"ul. Borowiecka, Nadwiśle, Wawer, Warszawa, mazowieckie",67m²,3,gazowe,2/2,0 zł,do wykończenia,wtórny,pełna własność,prywatny,2025,nie,dom wolnostojący,plastikowe,teren zamknięty,balkon | ogródek | garaż/miejsce parkingowe
https://www.otodom.pl/pl/oferta/3-pok-mieszkanie-z-potencjalem-do-remontu-ID4xLlA,660094618,579999.0,"ul. Króla Maciusia, Marysin Wawerski, Wawer, Warszawa, mazowieckie",43m²,3,miejskie,2/4,870 zł,do remontu,wtórny,pełna własność,biuro nieruchomości,1963,nie,blok,plastikowe,,balkon | piwnica | oddzielna kuchnia
https://www.otodom.pl/pl/oferta/mieszkanie-2-pokojowe-z-balkonem-ul-poematu-ID4vnUA,663094618,578557.0,"Falenica, Wawer, Warszawa, mazowieckie",40.65m²,2,miejskie,4/5,brak informacji,do wykończenia,pierwotny,brak informacji,deweloper,2026,tak,blok,plastikowe,monitoring / ochrona,
https://www.otodom.pl/pl/oferta/2-pok-bezposrednio-kw-bezpieczne-1-pietro-po-remoncie-zielony-marysin-ID4xKRm,406094618,587700.0,"ul. Króla Maciusia, Marysin Wawerski, Wawer, Warszawa, mazowieckie",34.57m²,2,miejskie,1/4,500 zł,do zamieszkania,wtórny,pełna własność,prywatny,,nie,blok,plastikowe,,balkon | piwnica | oddzielna kuchnia
https://www.otodom.pl/pl/oferta/miedzylesie-wyjatkowe-mieszkanie-w-apartamentowcu-ID4vF1K,104094618,980000.0,"ul. Mieczysława Pożaryskiego, Międzylesie, Wawer, Warszawa, mazowieckie",53.11m²,2,miejskie,2/4,780 zł,do wykończenia,wtórny,pełna własność,prywatny,2024,tak,,plastikowe,monitoring / ochrona,balkon | garaż/miejsce parkingowe | oddzielna kuchnia
https://www.otodom.pl/pl/oferta/2-pokojowe-mieszkanie-46m2-balkon-bezposrednio-ID4ul3t,601094618,,"ul. Optyczna, Marysin Wawerski, Wawer, Warszawa, mazowieckie",46.29m²,2,brak informacji,1/5,brak informacji,do wykończenia,pierwotny,pełna własność,deweloper,2026,tak,,,,balkon | garaż/miejsce parkingowe
https://www.otodom.pl/pl/oferta/dwupoziomowy-apartament-na-marysinie-wawerskim-ID4xKOi,113094618,1030000.0,"Marysin Wawerski, Wawer, Warszawa, mazowieckie",102m²,4,miejskie,3/3,1 400 zł,do zamieszkania,wtórny,pełna własność,biuro nieruchomości,2010,nie,,,monitoring / ochronateren zamknięty,balkon | garaż/miejsce parkingowe | piwnica | dwupoziomowe | oddzielna kuchnia
https://www.otodom.pl/pl/oferta/mieszkanie-na-sprzedaz-warszawa-anin-bezposrednio-3-pokoje-obok-lasu-ID4xdUA,402094618,578000.0,"ul. Zambrowska, Anin, Wawer, Warszawa, mazowieckie",44.5m²,3,miejskie,2/2,brak informacji,do remontu,wtórny,pełna własność,prywatny,1961,nie,blok,plastikowe,,balkon | piwnica | oddzielna kuchnia
https://www.otodom.pl/pl/oferta/super-cena-tylko-14-350-zl-1m2-wykonczone-ID4xKHg,529094618,1041000.0,"Falenica, Wawer, Warszawa, mazowieckie",72.53m²,3,miejskie,2/7,760 zł,do zamieszkania,wtórny,brak informacji,biuro nieruchomości,2023,tak,apartamentowiec,plastikowe,,balkon | garaż/miejsce parkingowe
https://www.otodom.pl/pl/oferta/mieszkanie-jak-dom-120-m-balkon-poddasze-2-miejsca-postojowe-ID4xKrB,250094618,1149000.0,"ul. Celulozy, Nadwiśle, Wawer, Warszawa, mazowieckie",120m²,5,gazowe,1,0 zł,do zamieszkania,wtórny,pełna własność,biuro nieruchomości,,nie,szeregowiec,plastikowe,,garaż/miejsce parkingowe | pom. użytkowe | dwupoziomowe
https://www.otodom.pl/pl/oferta/apartamentowiec-z-2025-roku-bez-pcc-wykonczone-ID4xp5X,763094618,755000.0,"ul. Korkowa, Marysin Wawerski, Wawer, Warszawa, mazowieckie",42m²,2,miejskie,2/4,0,do zamieszkania,pierwotny,brak informacji,biuro nieruchomości,2025,tak,apartamentowiec,plastikowe,teren zamkniętymonitoring / ochrona,balkon | garaż/miejsce parkingowe | piwnica | pom. użytkowe
https://www.otodom.pl/pl/oferta/bliski-wawer-mieszkania-dwupoziomowe-z-ogrodkiem-ID4x3tO,668094619,950000.0,"ul. Klimontowska, Wawer, Wawer, Warszawa, mazowieckie",69.58m²,3,gazowe,1/2,brak informacji,do wykończenia,pierwotny,pełna własność,biuro nieruchomości,2025,nie,,plastikowe,,ogródek | taras | dwupoziomowe
https://www.otodom.pl/pl/oferta/okazja-budynek-z-2021-3pokoje-garaz-komorka-ID4xhzH,773094619,950000.0,"ul. Kożuchowska, Międzylesie, Wawer, Warszawa, mazowieckie",57.26m²,3,miejskie,2/4,785 zł,do zamieszkania,wtórny,pełna własność,biuro nieruchomości,2021,tak,apartamentowiec,plastikowe,monitoring / ochronateren zamknięty,balkon | garaż/miejsce parkingowe | piwnica
https://www.otodom.pl/pl/oferta/sloneczne-trzy-pokoje-z-tarasem-osiedle-borki-ID4xz26,753094619,1096500.0,"ul. Południowa, Zerzeń, Wawer, Warszawa, mazowieckie",73.1m²,3,gazowe,1/1,1 200 zł,do zamieszkania,wtórny,pełna własność,biuro nieruchomości,2002,nie,apartamentowiec,plastikowe,monitoring / ochrona,taras | garaż/miejsce parkingowe
https://www.otodom.pl/pl/oferta/przytulne-3p-z-widokiem-na-zielen-cisza-wawer-ID4wEy0,122094619,715000.0,"ul. Wał Miedzeszyński, Nadwiśle, Wawer, Warszawa, mazowieckie",50m²,3,miejskie,1/4,800 zł,do zamieszkania,wtórny,pełna własność,biuro nieruchomości,2002,nie,blok,plastikowe,teren zamkniętymonitoring / ochrona,balkon | garaż/miejsce parkingowe
https://www.otodom.pl/pl/oferta/0-prowizji-dwupoziomowe-11-km-od-centrum-ogrodek-ID4xJVV,372094619,699000.0,"ul. Wał Miedzeszyński, Zerzeń, Wawer, Warszawa, mazowieckie",54m²,3,gazowe,2/2,1 000 zł,do zamieszkania,wtórny,pełna własność,biuro nieruchomości,2003,nie,szeregowiec,plastikowe,,balkon | ogródek | garaż/miejsce parkingowe | pom. użytkowe | dwupoziomowe
https://www.otodom.pl/pl/oferta/bliski-wawer-sloneczne-2-pokojowe-31-6m2-nowy-budynek-garaz-komorka-ID4xJWq,896094619,570000.0,"ul. Klimontowska, Wawer, Wawer, Warszawa, mazowieckie",31.6m²,2,kotłownia,3,500 zł,do zamieszkania,wtórny,pełna własność,prywatny,2016,tak,blok,plastikowe,teren zamknięty,balkon | garaż/miejsce parkingowe | pom. użytkowe
https://www.otodom.pl/pl/oferta/mieszkanie-dwupoziomowe-gotowe-do-zamieszkania-ID4xOWN,477094620,999999.0,"ul. Trakt Lubelski, Zerzeń, Wawer, Warszawa, mazowieckie",75.53m²,5,gazowe,2/3,300 zł,do zamieszkania,wtórny,pełna własność,prywatny,2023,nie,szeregowiec,plastikowe,,balkon | garaż/miejsce parkingowe | dwupoziomowe
https://www.otodom.pl/pl/oferta/bezposrednio-piekne-mieszkanie-w-super-lokalizacji-ID4xEND,109094621,799000.0,"ul. Żegańska, Międzylesie, Wawer, Warszawa, mazowieckie",55.73m²,3,miejskie,1/3,620 zł,do zamieszkania,wtórny,pełna własność,prywatny,1955,nie,blok,plastikowe,,
https://www.otodom.pl/pl/oferta/mieszkanie-2-pokojowe-60m2-z-tarasem-ID4xhso,254094621,870000.0,"ul. Południowa, Nadwiśle, Wawer, Warszawa, mazowieckie",60m²,2,gazowe,parter/1,880 zł,brak informacji,wtórny,pełna własność,prywatny,2005,nie,blok,plastikowe,monitoring / ochronateren zamknięty,ogródek | taras | garaż/miejsce parkingowe | pom. użytkowe
https://www.otodom.pl/pl/oferta/wyjatkowa-lokalizacja-w-super-cenie-promocja-ID4xJUU,753094621,582296.0,"ul. Żegańska, Międzylesie, Wawer, Warszawa, mazowieckie",41m²,2,gazowe,2/3,0,do wykończenia,pierwotny,brak informacji,biuro nieruchomości,2025,tak,blok,,,balkon | garaż/miejsce parkingowe | pom. użytkowe
https://www.otodom.pl/pl/oferta/100m-do-lasu-sloneczne-kameralna-inwestycja-ID4xJUT,303094621,870905.0,"ul. Żegańska, Międzylesie, Wawer, Warszawa, mazowieckie",58.45m²,3,brak informacji,1/3,0,brak informacji,pierwotny,pełna własność,biuro nieruchomości,2025,tak,apartamentowiec,,,balkon | garaż/miejsce parkingowe | pom. użytkowe
https://www.otodom.pl/pl/oferta/atal-s-a-osiedle-poematu-iii-ID4qXwR,190094622,,,28.95 - 81.49 m²,,,,,,,,deweloper,,,,,monitoring,
https://www.otodom.pl/pl/oferta/mieszkanie-w-zielonej-czesci-warszawy-ID4v9CH,835094621,449000.0,"ul. Starego Doktora, Marysin Wawerski, Wawer, Warszawa, mazowieckie",37.5m²,2,miejskie,3/4,545 zł,do remontu,wtórny,spółdzielcze wł. prawo do lokalu,biuro nieruchomości,1963,nie,blok,,,balkon | piwnica
https://www.otodom.pl/pl/oferta/mieszkania-w-radosci-z-ogrodkami-ID4xAOT,229094621,1599000.0,"Radość, Wawer, Warszawa, mazowieckie",165m²,5,inne,1/2,brak informacji,do wykończenia,pierwotny,pełna własność,biuro nieruchomości,2025,nie,,drewniane,,
https://www.otodom.pl/pl/oferta/mieszkanie-69-90-m-warszawa-ID4tvwF,416094621,890000.0,"ul. Popradzka, Falenica, Wawer, Warszawa, mazowieckie",69.9m²,3,miejskie,1/3,600 zł,do zamieszkania,wtórny,pełna własność,prywatny,2008,tak,blok,plastikowe,teren zamkniętymonitoring / ochrona,balkon | garaż/miejsce parkingowe | piwnica | pom. użytkowe
https://www.otodom.pl/pl/oferta/komfortowe-4-pokoje-garaz-ID4vRvg,374094621,1140000.0,"ul. Poprawna, Las, Wawer, Warszawa, mazowieckie",90m²,4,gazowe,1/1,"0,01 zł",do zamieszkania,wtórny,pełna własność,biuro nieruchomości,2009,nie,,plastikowe,,balkon | garaż/miejsce parkingowe
https://www.otodom.pl/pl/oferta/unikalna-lokalizacja-ogrodek-skm-s1-niepowtarzalny-klimat-ID4xcWJ,257094621,1250000.0,"ul. Garncarska, Miedzeszyn, Wawer, Warszawa, mazowieckie",75m²,3,gazowe,parter/1,560 zł,do zamieszkania,wtórny,pełna własność,prywatny,2008,nie,kamienica,plastikowe,monitoring / ochronateren zamknięty,ogródek | taras | garaż/miejsce parkingowe | pom. użytkowe | oddzielna kuchnia
https://www.otodom.pl/pl/oferta/mieszkanie-z-duzym-balkonem-ogrodkiem-i-widokiem-na-zielen-ID4vp8A,272094621,670000.0,"Międzylesie, Wawer, Warszawa, mazowieckie",42.8m²,2,gazowe,parter/2,830 zł,do zamieszkania,wtórny,pełna własność,biuro nieruchomości,2007,nie,blok,plastikowe,,balkon | ogródek | garaż/miejsce parkingowe | pom. użytkowe
https://www.otodom.pl/pl/oferta/nowoczesne-mieszkania-parking-podziemny-pkp-obok-ID4xuWP,375094622,707000.0,"ul. Korkowa, Marysin Wawerski, Wawer, Warszawa, mazowieckie",46m²,2,gazowe,2/4,0,do zamieszkania,pierwotny,pełna własność,biuro nieruchomości,2025,tak,blok,,monitoring / ochrona,balkon | garaż/miejsce parkingowe | pom. użytkowe
https://www.otodom.pl/pl/oferta/lokal-20-3-mfalenicado-adaptacji-ID4vTMZ,270094622,233000.0,"ul. Bysławska, Falenica, Wawer, Warszawa, mazowieckie",20.33m²,1,miejskie,suterena,500 zł,do wykończenia,wtórny,pełna własność,biuro nieruchomości,1966,nie,blok,plastikowe,,
https://www.otodom.pl/pl/oferta/sprzedam-wyjatkowe-3-pokojowe-mieszkanie-w-przepieknej-lokalizacji-ID4xlco,505094622,1130000.0,"ul. Leśniczówka, Wawer, Wawer, Warszawa, mazowieckie",64.62m²,3,kotłownia,2/3,550 zł,do wykończenia,wtórny,pełna własność,prywatny,2020,tak,blok,plastikowe,monitoring / ochronateren zamknięty,balkon | garaż/miejsce parkingowe | piwnica
https://www.otodom.pl/pl/oferta/3pokoje-z-garazem-ciche-do-negocjacji-ID4xlXu,228094622,1149000.0,"Gocław, Praga-Południe, Warszawa, mazowieckie",80.4m²,3,miejskie,1/2,1 440 zł,do zamieszkania,wtórny,pełna własność,biuro nieruchomości,2000,nie,,,monitoring / ochrona,balkon | garaż/miejsce parkingowe | pom. użytkowe
https://www.otodom.pl/pl/oferta/mieszkanie-76m2-z-ogrodem-156m2-ID4uTlm,400094622,999000.0,"Międzylesie, Wawer, Warszawa, mazowieckie",76.44m²,4,gazowe,parter/1,brak informacji,brak informacji,pierwotny,brak informacji,prywatny,,nie,apartamentowiec,plastikowe,teren zamkniętymonitoring / ochrona,balkon | ogródek | pom. użytkowe
https://www.otodom.pl/pl/oferta/komfortowe-mieszkanie-na-wawrze-przy-kolejce-ID4vKoy,122094622,1525000.0,"Miedzeszyn, Wawer, Warszawa, mazowieckie",121.23m²,5,gazowe,1/2,1 200 zł,brak informacji,wtórny,pełna własność,biuro nieruchomości,2007,nie,apartamentowiec,plastikowe,teren zamknięty,taras | garaż/miejsce parkingowe
https://www.otodom.pl/pl/oferta/kameralnie-polozone-mieszkanie-na-wawrze-ID4xEuP,756094622,1380000.0,"ul. Morawska, Zerzeń, Wawer, Warszawa, mazowieckie",92.18m²,4,kotłownia,2/2,0,do zamieszkania,wtórny,pełna własność,biuro nieruchomości,,nie,blok,,,balkon | ogródek | garaż/miejsce parkingowe | dwupoziomowe
https://www.otodom.pl/pl/oferta/widok-na-zielen-cisza-i-spokoj-3-pokoje-ID4wdN5,666094623,1150000.0,"ul. Wał Miedzeszyński, Las, Wawer, Warszawa, mazowieckie",61.77m²,3,gazowe,parter/1,400 zł,do zamieszkania,wtórny,pełna własność,biuro nieruchomości,2019,nie,blok,,teren zamknięty,ogródek | taras | garaż/miejsce parkingowe
https://www.otodom.pl/pl/oferta/wawer-go-2-0-ID4sKhy,415094623,,,38 - 72 m²,,,,,,,,deweloper,,,,,teren zamknięty,
https://www.otodom.pl/pl/oferta/kawalerka-cicha-i-zielona-okolica-ID4xgNT,634094623,555000.0,"ul. Floriana Znanieckiego, Gocław, Praga-Południe, Warszawa, mazowieckie",33.9m²,1,miejskie,parter/4,420 zł,do zamieszkania,wtórny,spółdzielcze wł. prawo do lokalu,prywatny,1989,nie,blok,plastikowe,,balkon | piwnica | oddzielna kuchnia
https://www.otodom.pl/pl/oferta/mieszkanie-na-dachu-78-m-z-tarasem-110m-w-falenicy-wysokie-3-3-m-ID4xIxu,173094623,1400000.0,"Falenica, Wawer, Warszawa, mazowieckie",78m²,3,brak informacji,3/3,1 500 zł,do zamieszkania,wtórny,pełna własność,prywatny,2018,tak,blok,plastikowe,teren zamknięty,taras | garaż/miejsce parkingowe | pom. użytkowe | oddzielna kuchnia
https://www.otodom.pl/pl/oferta/zielony-trakt-ID4xBdI,566094624,,,30 - 59 m²,,,,,,,,deweloper,,,,,brak informacji,
https://www.otodom.pl/pl/oferta/sprzedam-2poziomowe-mieszkanie-3p-w-sercu-anina-ID4vMsc,874094623,789000.0,"ul. Romana Pazińskiego, Anin, Wawer, Warszawa, mazowieckie",63.85m²,3,gazowe,3/3,800 zł,do zamieszkania,wtórny,spółdzielcze wł. prawo do lokalu,biuro nieruchomości,1979,nie,blok,plastikowe,,garaż/miejsce parkingowe | dwupoziomowe
https://www.otodom.pl/pl/oferta/mieszkanie-2-pok-w-apartamenty-nowy-marysin-vii-ID4wx1t,171094623,774379.0,"ul. Bluszczowa, Marysin Wawerski, Wawer, Warszawa, mazowieckie",46.37m²,2,miejskie,1/5,brak informacji,do wykończenia,pierwotny,użytkowanie wieczyste / dzierżawa,biuro nieruchomości,2026,tak,blok,plastikowe,,
https://www.otodom.pl/pl/oferta/mieszkanie-3-pok-w-apartamenty-nowy-marysin-v-ID4wxAf,403094623,95488750.0,"ul. Goździków 11, Marysin Wawerski, Wawer, Warszawa, mazowieckie",65.18m²,3,miejskie,5/5,brak informacji,do wykończenia,pierwotny,pełna własność,biuro nieruchomości,2025,tak,blok,,,balkon | garaż/miejsce parkingowe
https://www.otodom.pl/pl/oferta/mieszkanie-4-pok-na-marysinie-wawerskim-ID4wxAA,209094624,131806050.0,"ul. Goździków 11, Marysin Wawerski, Wawer, Warszawa, mazowieckie",89.97m²,4,miejskie,4/5,brak informacji,do wykończenia,pierwotny,użytkowanie wieczyste / dzierżawa,biuro nieruchomości,2025,nie,blok,plastikowe,,balkon | garaż/miejsce parkingowe
https://www.otodom.pl/pl/oferta/80m2-ogrodek-wawa-wawer-obok-goclaw-panele-foto-0czynsz-ID4xDGA,914094624,1043000.0,"ul. Sęczkowa, Las, Wawer, Warszawa, mazowieckie",80.66m²,4,gazowe,1/2,0 zł,do wykończenia,pierwotny,pełna własność,biuro nieruchomości,2025,nie,szeregowiec,plastikowe,teren zamknięty,ogródek | garaż/miejsce parkingowe | dwupoziomowe
https://www.otodom.pl/pl/oferta/sprzedam-bezposrednio-ul-korkowa-135b-mieszkanie-dostepne-od-zaraz-ID4xIoC,886094623,485000.0,"ul. Korkowa, Marysin Wawerski, Wawer, Warszawa, mazowieckie",37.5m²,2,miejskie,7/10,450 zł,do zamieszkania,wtórny,pełna własność,prywatny,1967,tak,blok,plastikowe,,balkon | piwnica | oddzielna kuchnia
https://www.otodom.pl/pl/oferta/anin-nowy-budynek-blisko-skm-ID4x5Ny,938094624,1275000.0,"Anin, Wawer, Warszawa, mazowieckie",58m²,2,brak informacji,2/4,700 zł,brak informacji,wtórny,brak informacji,biuro nieruchomości,,tak,,,teren zamknięty,taras | garaż/miejsce parkingowe
https://www.otodom.pl/pl/oferta/piekny-przestronny-apartament-ID4xrum,157094624,1499900.0,"ul. Chodzieska, Zerzeń, Wawer, Warszawa, mazowieckie",148m²,6,gazowe,1,370 zł,do zamieszkania,pierwotny,pełna własność,prywatny,2021,nie,,plastikowe,monitoring / ochronateren zamknięty,balkon | garaż/miejsce parkingowe | pom. użytkowe | dwupoziomowe
https://www.otodom.pl/pl/oferta/mieszkanie-na-sprzedaz-ID4vbJA,676094624,710000.0,"ul. Jagienki, Falenica, Wawer, Warszawa, mazowieckie",47.74m²,2,kotłownia,3/3,865 zł,do zamieszkania,wtórny,pełna własność,prywatny,2012,nie,blok,plastikowe,monitoring / ochronateren zamknięty,balkon | garaż/miejsce parkingowe | pom. użytkowe | oddzielna kuchnia
https://www.otodom.pl/pl/oferta/wawer-4-pokoje-poddasze-gratis-ID4s9Zb,476094624,1400000.0,"ul. Czarnołęcka, Międzylesie, Wawer, Warszawa, mazowieckie",89.49m²,4,gazowe,1/2,0,brak informacji,pierwotny,pełna własność,biuro nieruchomości,2025,tak,apartamentowiec,,teren zamkniętymonitoring / ochrona,balkon | garaż/miejsce parkingowe | pom. użytkowe
https://www.otodom.pl/pl/oferta/mieszkanie-3-pok-kameralne-ze-strefa-ogrodowa-adaptacja-poddasza-ID4xr2U,180094624,890000.0,"ul. Ogórkowa, Nadwiśle, Wawer, Warszawa, mazowieckie",70m²,3,kotłownia,1/1,brak informacji,do zamieszkania,wtórny,pełna własność,prywatny,2002,nie,dom wolnostojący,plastikowe,monitoring / ochronateren zamknięty,balkon | ogródek | garaż/miejsce parkingowe | pom. użytkowe | oddzielna kuchnia
https://www.otodom.pl/pl/oferta/wiazana-residence-ID4u8R0,861094624,,,107 - 124 m²,,,,,,,,deweloper,,,,,brak informacji,
https://www.otodom.pl/pl/oferta/bezposrednio-przy-lesie-cisza-i-spokoj-3-pokoje-z-ogrodkiem-ID4xA0j,261094624,910000.0,"ul. Korkowa, Marysin Wawerski, Wawer, Warszawa, mazowieckie",57.66m²,3,miejskie,parter/4,1 100 zł,do zamieszkania,wtórny,pełna własność,prywatny,2012,tak,blok,plastikowe,teren zamknięty,ogródek | taras | garaż/miejsce parkingowe | piwnica
https://www.otodom.pl/pl/oferta/3-pokojowe-w-dobrej-lokalizacji-ID4vAZe,183094624,699000.0,"Marysin Wawerski, Wawer, Warszawa, mazowieckie",47m²,3,miejskie,4/10,660 zł,brak informacji,wtórny,pełna własność,biuro nieruchomości,1968,tak,blok,plastikowe,,balkon | piwnica
https://www.otodom.pl/pl/oferta/kawalerka-vis-a-vis-czd-miejsce-postojowe-w-garazu-i-komorka-w-cenie-ID4vxwI,534094624,550000.0,"ul. Dzięcieliny, Międzylesie, Wawer, Warszawa, mazowieckie",31.58m²,1,miejskie,1/2,500 zł,do zamieszkania,wtórny,pełna własność,prywatny,2000,nie,apartamentowiec,plastikowe,monitoring / ochronateren zamknięty,balkon | garaż/miejsce parkingowe | piwnica
https://www.otodom.pl/pl/oferta/82-26m2-4-pokoje-2-miejsca-pos-w-garazu-ID4sbaP,611094624,829000.0,"ul. Jeziorowa, Zerzeń, Wawer, Warszawa, mazowieckie",82.26m²,4,gazowe,2,brak informacji,do wykończenia,pierwotny,pełna własność,prywatny,2026,nie,apartamentowiec,plastikowe,teren zamknięty,balkon | ogródek | taras | garaż/miejsce parkingowe | pom. użytkowe
https://www.otodom.pl/pl/oferta/mieszkanie-3-pokojowe-69-m-warszawa-wawer-miedzylesie-bezposrednio-ID4xHVM,431094624,1050000.0,"Międzylesie, Wawer, Warszawa, mazowieckie",69m²,3,brak informacji,3/3,brak informacji,do zamieszkania,wtórny,brak informacji,prywatny,,tak,blok,plastikowe,monitoring / ochronateren zamknięty,balkon | garaż/miejsce parkingowe | piwnica
https://www.otodom.pl/pl/oferta/warszawa-wawer-ul-borowiecka-ID4xHCj,238094625,798000.0,"ul. Borowiecka, Nadwiśle, Wawer, Warszawa, mazowieckie",67m²,3,kotłownia,2/2,0,do zamieszkania,wtórny,pełna własność,biuro nieruchomości,2025,nie,blok,,teren zamknięty,
https://www.otodom.pl/pl/oferta/mieszkanie-dwupokojowe-44m2-w-marysinie-wawerskim-ID4xHrX,227094625,700000.0,"ul. Szpacza, Marysin Wawerski, Wawer, Warszawa, mazowieckie",44m²,2,miejskie,2/5,740 zł,do zamieszkania,wtórny,pełna własność,prywatny,2020,tak,blok,plastikowe,monitoring / ochronateren zamknięty,balkon | garaż/miejsce parkingowe
https://www.otodom.pl/pl/oferta/mieszkanie-rewelacja-falenica-ID4xtly,575094625,666000.0,"Falenica, Wawer, Warszawa, mazowieckie",41m²,2,inne,2/3,618 zł,do zamieszkania,wtórny,brak informacji,biuro nieruchomości,2023,tak,blok,plastikowe,,balkon | garaż/miejsce parkingowe
https://www.otodom.pl/pl/oferta/wyjatkowy-apartament-na-zakolu-wawerskim-ID4xH9B,606094625,1130000.0,"ul. Leśniczówka, Wawer, Wawer, Warszawa, mazowieckie",64.24m²,3,inne,2/3,550 zł,do zamieszkania,wtórny,pełna własność,biuro nieruchomości,2020,tak,apartamentowiec,plastikowe,,balkon | garaż/miejsce parkingowe | piwnica
https://www.otodom.pl/pl/oferta/mieszkanie-z-tarasem-wawer-wysoki-standard-kameralna-inwestycja-ID4vVTU,473094625,1399000.0,"Radość, Wawer, Warszawa, mazowieckie",70m²,3,brak informacji,2/3,650 zł,do zamieszkania,wtórny,pełna własność,prywatny,2017,tak,blok,,monitoring / ochronateren zamknięty,taras | garaż/miejsce parkingowe
https://www.otodom.pl/pl/oferta/mieszkanie-2-pokoje-53m-wawer-ID4uK23,129094625,780000.0,"Zerzeń, Wawer, Warszawa, mazowieckie",53m²,2,gazowe,1/2,brak informacji,do zamieszkania,wtórny,pełna własność,prywatny,2004,nie,blok,plastikowe,teren zamknięty,balkon | taras | piwnica
https://www.otodom.pl/pl/oferta/swietny-rozklad-ogrodek-dobra-lokalizacja-ID4xGXt,437094625,1475000.0,"ul. Ogórkowa, Nadwiśle, Wawer, Warszawa, mazowieckie",103m²,4,brak informacji,brak informacji,0 zł,do zamieszkania,wtórny,brak informacji,biuro nieruchomości,2024,nie,szeregowiec,,teren zamknięty,ogródek | garaż/miejsce parkingowe | pom. użytkowe | dwupoziomowe
https://www.otodom.pl/pl/oferta/apartament-z-garazem-i-klimatycznym-mini-ogrodkiem-ID4vMEz,409094625,1499000.0,"Las, Wawer, Warszawa, mazowieckie",92.46m²,4,gazowe,parter/2,brak informacji,do zamieszkania,wtórny,pełna własność,biuro nieruchomości,2018,nie,,plastikowe,monitoring / ochrona,taras | ogródek | garaż/miejsce parkingowe | dwupoziomowe
https://www.otodom.pl/pl/oferta/miedzylesie-apartament-z-dwoma-ogrodkami-ID4xa6Z,186094625,1495000.0,"ul. Mieczysława Pożaryskiego, Międzylesie, Wawer, Warszawa, mazowieckie",107.48m²,4,miejskie,1/4,"1 481,05 zł",do wykończenia,wtórny,pełna własność,biuro nieruchomości,2024,tak,apartamentowiec,plastikowe,monitoring / ochrona,taras | ogródek | garaż/miejsce parkingowe | piwnica
https://www.otodom.pl/pl/oferta/dwa-odrebne-w-pelni-wykonczone-mieszkania-wawer-ID4xFOO,110094625,1290000.0,"ul. Tawułkowa, Miedzeszyn, Wawer, Warszawa, mazowieckie",120m²,4,gazowe,1/2,120 zł,do zamieszkania,wtórny,pełna własność,prywatny,2023,nie,szeregowiec,plastikowe,teren zamknięty,balkon | taras | garaż/miejsce parkingowe | dwupoziomowe | oddzielna kuchnia
https://www.otodom.pl/pl/oferta/nowe-gotowe-do-wprowadzenia-faktura-vat-garaz-ID4x4Wi,928094626,469000.0,"Międzylesie, Wawer, Warszawa, mazowieckie",29.69m²,1,brak informacji,4/4,0,brak informacji,wtórny,pełna własność,biuro nieruchomości,2024,tak,blok,,,balkon | garaż/miejsce parkingowe
https://www.otodom.pl/pl/oferta/tanio-kawalerka-mieszkanie-na-sprzedaz-wawer-ID4kRg0,777094625,450000.0,"ul. Starego Doktora, Marysin Wawerski, Wawer, Warszawa, mazowieckie",29m²,1,brak informacji,1,brak informacji,do zamieszkania,wtórny,pełna własność,prywatny,,nie,blok,,,
https://www.otodom.pl/pl/oferta/zamieszkaj-lepiej-cena-9-882zl-m2-ostatni-dom-ID4jDiX,126094625,1344000.0,"Las, Wawer, Warszawa, mazowieckie",136.69m²,5,inne,brak informacji,brak informacji,do wykończenia,pierwotny,brak informacji,prywatny,2024,nie,,plastikowe,teren zamknięty,ogródek | garaż/miejsce parkingowe | oddzielna kuchnia | pom. użytkowe
https://www.otodom.pl/pl/oferta/komfortowe-2-pok-mieszkanie-osiedle-zamkniete-ID4xEUf,782094625,825000.0,"ul. Korkowa, Marysin Wawerski, Wawer, Warszawa, mazowieckie",52m²,2,brak informacji,3/6,618 zł,do zamieszkania,wtórny,pełna własność,biuro nieruchomości,2014,tak,blok,,monitoring / ochrona,
https://www.otodom.pl/pl/oferta/mieszkanie-w-miedzeszynie-30-m2-2-pokoje-ID4xEAv,159094626,490000.0,"ul. Przewodowa, Nadwiśle, Wawer, Warszawa, mazowieckie",30m²,2,gazowe,1/2,500 zł,do zamieszkania,wtórny,pełna własność,biuro nieruchomości,1960,nie,kamienica,plastikowe,,garaż/miejsce parkingowe | piwnica
https://www.otodom.pl/pl/oferta/63m2-3-pokoje-od-dewelopera-wawer-ID4xkGx,856094626,966000.0,"Międzylesie, Wawer, Warszawa, mazowieckie",63.54m²,3,miejskie,1/3,brak informacji,do wykończenia,pierwotny,pełna własność,biuro nieruchomości,2025,tak,apartamentowiec,plastikowe,,taras | garaż/miejsce parkingowe
https://www.otodom.pl/pl/oferta/109m2-dwupoziomowy-apartament-wawer-ID4xkK0,576094626,1656000.0,"Międzylesie, Wawer, Warszawa, mazowieckie",108.95m²,2,miejskie,2/3,brak informacji,do wykończenia,pierwotny,pełna własność,biuro nieruchomości,2025,tak,apartamentowiec,plastikowe,,garaż/miejsce parkingowe | dwupoziomowe
https://www.otodom.pl/pl/oferta/przytulne-mieszkanie-z-ogrodkiem-i-garazem-ID4vQVC,817094626,795000.0,"ul. Jagienki, Falenica, Wawer, Warszawa, mazowieckie",49m²,2,kotłownia,parter/3,850 zł,do zamieszkania,wtórny,pełna własność,biuro nieruchomości,2012,nie,blok,plastikowe,,ogródek | taras | garaż/miejsce parkingowe | pom. użytkowe
https://www.otodom.pl/pl/oferta/stary-anin-mieszkanie-w-historycznej-enklawie-ID4v13M,374094626,890000.0,"ul. Marysińska, Anin, Wawer, Warszawa, mazowieckie",63.9m²,2,gazowe,1/2,960 zł,do zamieszkania,wtórny,pełna własność,biuro nieruchomości,1954,nie,blok,plastikowe,teren zamknięty,
https://www.otodom.pl/pl/oferta/cisza-i-ziele-duzy-balkon-klimatyzacja-ID4vwJN,552094626,670000.0,"ul. Jagienki, Falenica, Wawer, Warszawa, mazowieckie",47.74m²,2,miejskie,3/3,865 zł,do zamieszkania,wtórny,pełna własność,biuro nieruchomości,2012,nie,blok,plastikowe,teren zamknięty,balkon | garaż/miejsce parkingowe | oddzielna kuchnia | pom. użytkowe
https://www.otodom.pl/pl/oferta/segment-105-m-ogrodek-75-m-wawer-ID4x0Yz,539094626,1380000.0,"Zerzeń, Wawer, Warszawa, mazowieckie",105.63m²,4,gazowe,brak informacji,brak informacji,do wykończenia,pierwotny,brak informacji,biuro nieruchomości,2025,nie,szeregowiec,drewniane,monitoring / ochrona,
https://www.otodom.pl/pl/oferta/segment-131m2-ogodek-378m2-wawer-ID4x9O8,936094626,1790000.0,"Zerzeń, Wawer, Warszawa, mazowieckie",131.53m²,4,brak informacji,brak informacji,brak informacji,do wykończenia,pierwotny,brak informacji,biuro nieruchomości,2025,nie,szeregowiec,drewniane,monitoring / ochrona,
https://www.otodom.pl/pl/oferta/dla-rodziny-cicho-i-bezpiecznie-m-postojowe-ID4vWse,535094626,899000.0,"ul. Floriana Znanieckiego, Gocław, Praga-Południe, Warszawa, mazowieckie",70m²,3,brak informacji,parter/3,0,do zamieszkania,wtórny,pełna własność,biuro nieruchomości,1991,nie,blok,plastikowe,teren zamknięty,balkon | garaż/miejsce parkingowe | piwnica | oddzielna kuchnia
https://www.otodom.pl/hpr/pl/oferta/wyjatkowa-lokalizacja-w-super-cenie-promocja-ID4xJUU,761094627,582296.0,"ul. Żegańska, Międzylesie, Wawer, Warszawa, mazowieckie",41m²,2,gazowe,2/3,0,do wykończenia,pierwotny,brak informacji,biuro nieruchomości,2025,tak,blok,,,balkon | garaż/miejsce parkingowe | pom. użytkowe
https://www.otodom.pl/pl/oferta/mieszkanie-76m2-z-ogrodem-156m2-ID4uTlm,710094629,999000.0,"Międzylesie, Wawer, Warszawa, mazowieckie",76.44m²,4,gazowe,parter/1,brak informacji,brak informacji,pierwotny,brak informacji,prywatny,,nie,apartamentowiec,plastikowe,teren zamkniętymonitoring / ochrona,balkon | ogródek | pom. użytkowe
https://www.otodom.pl/pl/oferta/mieszkanie-na-dachu-78-m-z-tarasem-110m-w-falenicy-wysokie-3-3-m-ID4xIxu,290094629,1400000.0,"Falenica, Wawer, Warszawa, mazowieckie",78m²,3,brak informacji,3/3,1 500 zł,do zamieszkania,wtórny,pełna własność,prywatny,2018,tak,blok,plastikowe,teren zamknięty,taras | garaż/miejsce parkingowe | pom. użytkowe | oddzielna kuchnia
https://www.otodom.pl/pl/oferta/nietuzinkowe-mieszkanie-w-dobrej-cenie-garaz-ogrod-ID4wueQ,578094629,1597000.0,"ul. Czeladnicza, Międzylesie, Wawer, Warszawa, mazowieckie",175.9m²,6,gazowe,parter/3,1 200 zł,do zamieszkania,wtórny,pełna własność,biuro nieruchomości,2004,nie,szeregowiec,drewniane,,taras | balkon | ogródek | garaż/miejsce parkingowe
https://www.otodom.pl/pl/oferta/atal-s-a-osiedle-poematu-iii-ID4qXwR,744094630,,,28.95 - 81.49 m²,,,,,,,,deweloper,,,,,monitoring,
https://www.otodom.pl/pl/oferta/vista-wawer-ID4ui3m,443094629,,,41 - 77 m²,,,,,,,,deweloper,,,,,brak informacji,
https://www.otodom.pl/pl/oferta/4-pokojowe-mieszkanie-107m2-ogrodek-bez-prowizji-ID4u8WX,305094629,,"ul. Wiązana, Zerzeń, Wawer, Warszawa, mazowieckie",107.59m²,4,brak informacji,parter/1,brak informacji,do wykończenia,pierwotny,pełna własność,deweloper,2026,nie,,,teren zamknięty,ogródek | garaż/miejsce parkingowe | dwupoziomowe
https://www.otodom.pl/pl/oferta/80m2-ogrodek-wawa-wawer-obok-goclaw-panele-foto-0czynsz-ID4xx6I,421094630,1043000.0,"ul. Sęczkowa, Las, Wawer, Warszawa, mazowieckie",80.66m²,4,inne,1/2,0 zł,do wykończenia,pierwotny,pełna własność,biuro nieruchomości,2025,nie,apartamentowiec,plastikowe,teren zamknięty,ogródek | garaż/miejsce parkingowe | dwupoziomowe
https://www.otodom.pl/pl/oferta/nowy-marysin-vii-ID4ul3p,785094629,,,43 - 87 m²,,,,,,,,deweloper,,,,,brak informacji,
https://www.otodom.pl/pl/oferta/2-pokojowe-mieszkanie-garaz-wawer-ID4uObL,284094629,580000.0,"ul. Heliotropów, Zerzeń, Wawer, Warszawa, mazowieckie",36.6m²,2,gazowe,1/3,brak informacji,do zamieszkania,wtórny,pełna własność,prywatny,2005,nie,,plastikowe,teren zamknięty,ogródek | garaż/miejsce parkingowe | oddzielna kuchnia | pom. użytkowe
https://www.otodom.pl/pl/oferta/zielony-trakt-ID4xBdI,923094630,,,30 - 59 m²,,,,,,,,deweloper,,,,,brak informacji,
https://www.otodom.pl/pl/oferta/2-pokoje-garaz-balkon-komorka-lokatorska-marysin-wawerski-ID4x3Qe,106094630,790000.0,"Marysin Wawerski, Wawer, Warszawa, mazowieckie",49.57m²,2,miejskie,4,brak informacji,do zamieszkania,wtórny,pełna własność,prywatny,2015,tak,blok,plastikowe,monitoring / ochronateren zamknięty,balkon | garaż/miejsce parkingowe | pom. użytkowe
https://www.otodom.pl/pl/oferta/atrakcyjne-trzy-pokoje-ul-storczykowa-ID4xD8D,319094630,779000.0,"ul. Storczykowa, Marysin Wawerski, Wawer, Warszawa, mazowieckie",72.68m²,3,gazowe,1/3,360 zł,do zamieszkania,wtórny,pełna własność,biuro nieruchomości,2008,nie,blok,,,garaż/miejsce parkingowe | oddzielna kuchnia
https://www.otodom.pl/pl/oferta/wyjatkowe-mieszkanie-z-ogrodkiem-i-garazem-wawer-ID4xCXS,618094630,1600000.0,"ul. Trakt Lubelski, Zerzeń, Wawer, Warszawa, mazowieckie",93.83m²,3,gazowe,parter/1,255 zł,do zamieszkania,wtórny,pełna własność,prywatny,2021,nie,,plastikowe,monitoring / ochronateren zamknięty,ogródek | taras | pom. użytkowe | dwupoziomowe | oddzielna kuchnia
https://www.otodom.pl/pl/oferta/super-lokal-51-30-m2-na-wawrze-ul-dziecieliny-ID4xCUa,126094630,710000.0,"ul. Dzięcieliny, Międzylesie, Wawer, Warszawa, mazowieckie",51.3m²,2,miejskie,1/3,500 zł,do zamieszkania,wtórny,pełna własność,biuro nieruchomości,2001,nie,apartamentowiec,,monitoring / ochrona,balkon | piwnica
https://www.otodom.pl/pl/oferta/wawer-5pokoi-nowy-segment-z-ogrodem-bez-czynszu-ID4xCJY,164094630,1225000.0,"ul. Międzyosiedlowa, Międzylesie, Wawer, Warszawa, mazowieckie",140m²,4,gazowe,brak informacji,brak informacji,do wykończenia,wtórny,pełna własność,biuro nieruchomości,2024,nie,szeregowiec,plastikowe,,balkon | ogródek | garaż/miejsce parkingowe
https://www.otodom.pl/pl/oferta/do-zamieszkania-4-pokoje-z-garderoba-stary-anin-w-otulinie-lasu-ID4xldn,770094630,1150000.0,"ul. Romana Pazińskiego, Anin, Wawer, Warszawa, mazowieckie",64.4m²,4,inne,1/2,1 100 zł,do zamieszkania,wtórny,spółdzielcze wł. prawo do lokalu,prywatny,1973,nie,blok,plastikowe,,balkon | piwnica
https://www.otodom.pl/pl/oferta/134m2-apartament-warszawa-radosc-ul-rozszerzona-ID4x6kc,469094630,1680000.0,"ul. Rozszerzona, Radość, Wawer, Warszawa, mazowieckie",134m²,5,inne,parter/3,1 000 zł,do zamieszkania,wtórny,pełna własność,biuro nieruchomości,2009,nie,,drewniane,,taras | balkon | ogródek | garaż/miejsce parkingowe | piwnica
https://www.otodom.pl/pl/oferta/wawer-3-pokoje-ogrod-do-zamieszkania-2012-rok-ID4xtop,208094630,1130000.0,"Zerzeń, Wawer, Warszawa, mazowieckie",71m²,3,inne,parter/1,brak informacji,do zamieszkania,wtórny,pełna własność,biuro nieruchomości,2012,nie,,plastikowe,monitoring / ochrona,taras | ogródek | garaż/miejsce parkingowe | dwupoziomowe | oddzielna kuchnia
https://www.otodom.pl/pl/oferta/nowe-pieknie-wykonczone-3-pokoje-72m2-ul-poematu-ID4xs7n,125094630,1041000.0,"Falenica, Wawer, Warszawa, mazowieckie",72.53m²,3,miejskie,2/7,760 zł,do zamieszkania,wtórny,brak informacji,biuro nieruchomości,2023,tak,apartamentowiec,plastikowe,,balkon | garaż/miejsce parkingowe
https://www.otodom.pl/pl/oferta/mieszkanie-na-kameralnym-osiedlu-w-otoczeniu-lasow-ID4xCh5,701094631,820000.0,"ul. Smardzewska, Międzylesie, Wawer, Warszawa, mazowieckie",77.8m²,3,miejskie,3/3,1 210 zł,do zamieszkania,wtórny,pełna własność,biuro nieruchomości,2007,tak,blok,plastikowe,teren zamknięty,
https://www.otodom.pl/pl/oferta/zwolenska-trakt-ID4umh7,449094631,,,40 - 54 m²,,,,,,,,deweloper,,,,,brak informacji,
https://www.otodom.pl/pl/oferta/przystanek-miedzylesie-3-pok-68-2m2-do-wykonczen-ID4xBoQ,173094631,1189000.0,"Międzylesie, Wawer, Warszawa, mazowieckie",68m²,3,miejskie,2/4,brak informacji,do wykończenia,wtórny,brak informacji,biuro nieruchomości,2024,tak,blok,,,
https://www.otodom.pl/pl/oferta/0-prowizji-i-0-podatku-pcc-2-komfort-i-bezpiecze-ID4xB1T,596094631,1318060.0,"ul. Bluszczowa, Marysin Wawerski, Wawer, Warszawa, mazowieckie",89.27m²,4,miejskie,4/5,brak informacji,brak informacji,pierwotny,pełna własność,biuro nieruchomości,2025,tak,blok,plastikowe,teren zamknięty,balkon | garaż/miejsce parkingowe
https://www.otodom.pl/pl/oferta/4-pokoje-z-balkonem-osobne-pomieszczenie-na-praln-ID4xB1P,545094631,1318060.0,"ul. Stepowa, Marysin Wawerski, Wawer, Warszawa, mazowieckie",90m²,4,brak informacji,4/5,brak informacji,do zamieszkania,pierwotny,pełna własność,biuro nieruchomości,2025,tak,blok,,,
https://www.otodom.pl/pl/oferta/funkcjonalne-3-pokoje-loggia-na-warszawskim-wawr-ID4xB1C,771094631,783497.0,"Zerzeń, Wawer, Warszawa, mazowieckie",55m²,3,brak informacji,3/4,brak informacji,do zamieszkania,pierwotny,pełna własność,biuro nieruchomości,2025,tak,blok,,,
https://www.otodom.pl/pl/oferta/okazja-3pokojowe-56-6-m-parking-komorka-ID4xAMQ,153094631,597000.0,"Nadwiśle, Wawer, Warszawa, mazowieckie",56.6m²,3,elektryczne,1/2,0 zł,brak informacji,wtórny,brak informacji,biuro nieruchomości,,nie,blok,plastikowe,teren zamknięty,balkon | garaż/miejsce parkingowe | pom. użytkowe
https://www.otodom.pl/pl/oferta/twoj-wymarzony-azyl-w-aninie-wlasny-ogrod-ID4sq1M,678094631,1500000.0,"ul. IX Poprzeczna, Anin, Wawer, Warszawa, mazowieckie",134.76m²,3,gazowe,parter,brak informacji,do zamieszkania,wtórny,pełna własność,biuro nieruchomości,,nie,,,monitoring / ochrona,ogródek | taras | garaż/miejsce parkingowe | piwnica | oddzielna kuchnia | pom. użytkowe
https://www.otodom.pl/pl/oferta/wawer-go-2-0-ID4sKhy,124094631,,,38 - 72 m²,,,,,,,,deweloper,,,,,teren zamknięty,
https://www.otodom.pl/pl/oferta/twoj-spokoj-zaczyna-sie-tutaj-sprawdz-eng-ID4vXdP,157094631,1050000.0,"ul. Wał Miedzeszyński, Falenica, Wawer, Warszawa, mazowieckie",64m²,3,gazowe,parter/1,0 zł,do zamieszkania,wtórny,pełna własność,biuro nieruchomości,2021,nie,apartamentowiec,,teren zamkniętymonitoring / ochrona,ogródek | garaż/miejsce parkingowe
https://www.otodom.pl/pl/oferta/1-pokoj-29m2-warszawa-wawer-odnowione-ID4xzAp,476094631,450000.0,"ul. Korkowa, Marysin Wawerski, Wawer, Warszawa, mazowieckie",29m²,1,miejskie,4/4,270 zł,do zamieszkania,wtórny,brak informacji,biuro nieruchomości,1969,nie,blok,,,piwnica | oddzielna kuchnia
https://www.otodom.pl/pl/oferta/3-pokoje-69m2-sloneczne-ogrodek-warszawa-wawer-ID4xzy9,800094631,864000.0,"ul. Ogórkowa, Nadwiśle, Wawer, Warszawa, mazowieckie",68.6m²,3,inne,1/1,970 zł,do zamieszkania,wtórny,pełna własność,biuro nieruchomości,2002,nie,blok,,monitoring / ochrona,balkon | ogródek | garaż/miejsce parkingowe | pom. użytkowe
https://www.otodom.pl/pl/oferta/mieszkanie-64-4-m2-4-pokoje-anin-warszawa-ID4xzy6,788094631,1150000.0,"ul. Romana Pazińskiego, Anin, Wawer, Warszawa, mazowieckie",64.4m²,4,miejskie,1/2,1 100 zł,do zamieszkania,wtórny,brak informacji,biuro nieruchomości,1960,nie,blok,,,balkon | garaż/miejsce parkingowe | piwnica
https://www.otodom.pl/pl/oferta/mieszkanie-90-5m2-4-pok-ogrod-m-post-w-wa-wawer-ID4xzy1,315094632,1450000.0,"ul. Pod Brzozami, Zerzeń, Wawer, Warszawa, mazowieckie",90.5m²,4,inne,parter/2,brak informacji,do zamieszkania,wtórny,pełna własność,biuro nieruchomości,2013,nie,,,,balkon | ogródek | garaż/miejsce parkingowe | pom. użytkowe
https://www.otodom.pl/pl/oferta/mieszkanie-82-26-m2-4-pok-2-garaze-w-wa-wawer-ID4xzxR,171094632,863880.0,"ul. Jeziorowa, Zerzeń, Wawer, Warszawa, mazowieckie",82.26m²,4,inne,2/2,brak informacji,do zamieszkania,pierwotny,pełna własność,biuro nieruchomości,2027,nie,blok,,monitoring / ochrona,balkon | garaż/miejsce parkingowe
https://www.otodom.pl/pl/oferta/mieszkanie-67-m2-3-pokoje-ogrod-garaz-warszawa-ID4xzxP,733094632,799000.0,"ul. Borowiecka, Nadwiśle, Wawer, Warszawa, mazowieckie",67m²,3,inne,1/1,brak informacji,do zamieszkania,wtórny,pełna własność,biuro nieruchomości,2025,nie,apartamentowiec,,monitoring / ochrona,balkon | ogródek | garaż/miejsce parkingowe
https://www.otodom.pl/pl/oferta/super-mieszkanie-do-wprowadzenia-ID4xs0V,379094632,710000.0,"ul. Dzięcieliny, Międzylesie, Wawer, Warszawa, mazowieckie",52m²,2,miejskie,1/3,500 zł,brak informacji,wtórny,pełna własność,biuro nieruchomości,2001,nie,apartamentowiec,,monitoring / ochrona,balkon | piwnica
https://www.otodom.pl/pl/oferta/mieszkanie-obok-plazy-z-wielkim-tarasem-i-darmowym-miejscem-postojowym-ID4xyt7,327094632,500000.0,"ul. Wał Miedzeszyński, Zerzeń, Wawer, Warszawa, mazowieckie",35.6m²,1,gazowe,parter/4,370 zł,do zamieszkania,wtórny,pełna własność,biuro nieruchomości,2002,nie,blok,plastikowe,monitoring / ochronateren zamknięty,
https://www.otodom.pl/pl/oferta/kameralna-lokalizacja-3-pokoje-ogrod-wawer-ID4xybN,909094632,1428000.0,"ul. Wielostronna, Radość, Wawer, Warszawa, mazowieckie",71.4m²,3,brak informacji,parter/4,brak informacji,do zamieszkania,wtórny,pełna własność,biuro nieruchomości,1939,nie,kamienica,,,ogródek | taras | piwnica
https://www.otodom.pl/pl/oferta/2-pokoje-w-kamienicy-taras-ogrod-zielen-wawer-ID4xybv,620094633,697000.0,"ul. Wielostronna, Radość, Wawer, Warszawa, mazowieckie",34.25m²,2,brak informacji,parter/4,brak informacji,do zamieszkania,wtórny,pełna własność,biuro nieruchomości,1939,nie,kamienica,,,taras | piwnica
https://www.otodom.pl/pl/oferta/funkcjonalny-rozklad-plus-gratis-poddasze-72m2-ID4tzgm,880094632,1300000.0,"Międzylesie, Wawer, Warszawa, mazowieckie",86.57m²,4,brak informacji,1/1,0,do wykończenia,pierwotny,brak informacji,biuro nieruchomości,2024,nie,,plastikowe,,balkon | garaż/miejsce parkingowe | pom. użytkowe
https://www.otodom.pl/pl/oferta/mieszkanie-trzypokojowe-66m2-z-balkonem-ID4t519,530094632,850000.0,"ul. Palmowa, Wawer, Wawer, Warszawa, mazowieckie",66m²,3,miejskie,2/3,0,do zamieszkania,wtórny,pełna własność,biuro nieruchomości,2012,nie,blok,,,taras | garaż/miejsce parkingowe
https://www.otodom.pl/pl/oferta/dwupoziomowe-4-sypialnie-parking-ogrodek-ID4pt3L,807094632,1210000.0,"ul. Wiązana, Zerzeń, Wawer, Warszawa, mazowieckie",81.46m²,5,gazowe,1,brak informacji,do zamieszkania,wtórny,pełna własność,prywatny,2016,nie,szeregowiec,plastikowe,,ogródek | taras | garaż/miejsce parkingowe | dwupoziomowe
https://www.otodom.pl/pl/oferta/2-pokojowe-mieszkanie-40m2-loggia-bezposrednio-ID4upwc,863094634,,"ul. Zwoleńska, Zerzeń, Wawer, Warszawa, mazowieckie",40.45m²,2,brak informacji,parter/3,brak informacji,do wykończenia,pierwotny,pełna własność,deweloper,2025,tak,,,teren zamknięty,
https://www.otodom.pl/pl/oferta/pietro-69-74-60m2-poddasze-ogrody-byslawska-ID4p8qo,513094634,809000.0,"ul. Bysławska, Falenica, Wawer, Warszawa, mazowieckie",74.6m²,4,gazowe,1/2,brak informacji,do wykończenia,pierwotny,pełna własność,prywatny,2025,nie,,plastikowe,teren zamkniętymonitoring / ochrona,balkon | dwupoziomowe
https://www.otodom.pl/pl/oferta/2-pokojowe-mieszkanie-w-falenicy-z-ogrodkiem-i-tarasem-ID4x4o7,968094634,785000.0,"ul. Jagienki, Falenica, Wawer, Warszawa, mazowieckie",49.16m²,2,kotłownia,parter/3,brak informacji,do zamieszkania,wtórny,pełna własność,prywatny,2012,nie,blok,plastikowe,monitoring / ochronateren zamknięty,ogródek | taras | garaż/miejsce parkingowe | pom. użytkowe
https://www.otodom.pl/pl/oferta/bezposrednio-przestronne-3-pokojowe-mieszkanie-z-balkonem-ID4xwZe,460094634,799000.0,"ul. Wał Miedzeszyński, Nadwiśle, Wawer, Warszawa, mazowieckie",65.1m²,3,brak informacji,1/4,brak informacji,do zamieszkania,wtórny,brak informacji,prywatny,2002,nie,blok,plastikowe,,balkon | garaż/miejsce parkingowe | oddzielna kuchnia
https://www.otodom.pl/pl/oferta/unikatowe-4-pok-2-ogrodki-widok-na-las-ID4viLu,994094634,1220000.0,"Poematu, Falenica, Wawer, Warszawa, mazowieckie",89.5m²,4,miejskie,parter/3,"1 496,83 zł",do zamieszkania,wtórny,pełna własność,biuro nieruchomości,2018,tak,apartamentowiec,,,ogródek | taras | garaż/miejsce parkingowe
https://www.otodom.pl/pl/oferta/mieszkanie-4-pokoje-bez-czynszu-piekne-wykonczenie-ID4xwA9,292094635,1390000.0,"Zerzeń, Wawer, Warszawa, mazowieckie",72.41m²,4,brak informacji,1/2,0 zł,do zamieszkania,wtórny,brak informacji,biuro nieruchomości,2019,nie,,,,balkon | ogródek | taras | garaż/miejsce parkingowe
https://www.otodom.pl/pl/oferta/wygodne-mieszkanie-na-wawrze-dobra-lokalizacja-ID4xfgF,378094635,820000.0,"ul. Borowiecka, Nadwiśle, Wawer, Warszawa, mazowieckie",67m²,3,gazowe,2/2,brak informacji,do wykończenia,pierwotny,brak informacji,biuro nieruchomości,2025,nie,,plastikowe,,balkon | ogródek | garaż/miejsce parkingowe
https://www.otodom.pl/pl/oferta/nowoczesne-kawalerki-parking-podziemny-winda-ID4xuWQ,585094635,620000.0,"ul. Korkowa, Marysin Wawerski, Wawer, Warszawa, mazowieckie",33.37m²,1,brak informacji,2/4,0,do zamieszkania,pierwotny,pełna własność,biuro nieruchomości,2025,tak,blok,,monitoring / ochrona,balkon | garaż/miejsce parkingowe | pom. użytkowe
https://www.otodom.pl/pl/oferta/dom-z-duzym-ogrodkiem-zielony-wawer-blisko-mpk-ID4wP6i,704094635,1251480.0,"Radość, Wawer, Warszawa, mazowieckie",94m²,4,brak informacji,parter/1,0,brak informacji,pierwotny,brak informacji,biuro nieruchomości,2024,nie,,,,ogródek | taras | garaż/miejsce parkingowe
https://www.otodom.pl/pl/oferta/2-pokojowe-mieszkanie64m2anin-blisko-skm-ID4vcyM,320094635,890000.0,"Anin, Wawer, Warszawa, mazowieckie",64m²,2,miejskie,1,960 zł,do zamieszkania,wtórny,pełna własność,biuro nieruchomości,1954,nie,kamienica,plastikowe,monitoring / ochrona,balkon | garaż/miejsce parkingowe | piwnica
https://www.otodom.pl/pl/oferta/bliski-wawer-mieszkania-dwupoziomowe-z-ogrodkiem-ID4x10G,513094635,950000.0,"ul. Klimontowska, Wawer, Wawer, Warszawa, mazowieckie",69.58m²,3,gazowe,1/2,brak informacji,do wykończenia,pierwotny,pełna własność,biuro nieruchomości,2025,nie,,plastikowe,,ogródek | taras | dwupoziomowe
https://www.otodom.pl/pl/oferta/3-pokoje-i-balkon-i-bliski-wawer-i-pkp-anin-ID4xlXo,479094635,968000.0,"ul. Chorzowska, Sadul, Wawer, Warszawa, mazowieckie",65.22m²,3,gazowe,2/2,1 200 zł,do zamieszkania,wtórny,pełna własność,biuro nieruchomości,,nie,apartamentowiec,plastikowe,,balkon | garaż/miejsce parkingowe | piwnica
https://www.otodom.pl/pl/oferta/99m2-dwupoziomowy-apartament-wawer-ID4xkJ8,750094635,1503000.0,"Międzylesie, Wawer, Warszawa, mazowieckie",98.93m²,2,miejskie,2/3,brak informacji,do wykończenia,pierwotny,pełna własność,biuro nieruchomości,2025,tak,apartamentowiec,plastikowe,,taras | balkon | garaż/miejsce parkingowe | dwupoziomowe
https://www.otodom.pl/pl/oferta/52m2-2-pokoje-od-dewelopera-wawer-ID4xkMd,994094635,759000.0,"Międzylesie, Wawer, Warszawa, mazowieckie",52.34m²,2,miejskie,parter/3,brak informacji,do wykończenia,pierwotny,pełna własność,biuro nieruchomości,2025,tak,apartamentowiec,plastikowe,,
https://www.otodom.pl/pl/oferta/wawer-go-2-0-ID4sKhy,840094635,,,38 - 72 m²,,,,,,,,deweloper,,,,,teren zamknięty,
https://www.otodom.pl/pl/oferta/nowe-2-pokojowe-mieszkanie-na-marysinie-ID4xizh,519094636,736008.0,"Marysin Wawerski, Wawer, Warszawa, mazowieckie",43.81m²,2,brak informacji,2/5,0,brak informacji,pierwotny,brak informacji,biuro nieruchomości,2026,tak,blok,,,
https://www.otodom.pl/pl/oferta/gotowe-do-wprowadzenia-mieszkanie-na-marysinie-ID4xiEY,199094636,132705750.0,"ul. Goździków, Marysin Wawerski, Wawer, Warszawa, mazowieckie",89.87m²,4,brak informacji,5/5,0,brak informacji,pierwotny,brak informacji,biuro nieruchomości,2025,tak,blok,,,balkon | garaż/miejsce parkingowe
https://www.otodom.pl/pl/oferta/atal-s-a-osiedle-poematu-gotowe-do-odbioru-ID4ot49,332094637,,,63.5 - 87.7 m²,,,,,,,,deweloper,,,,,monitoring,
https://www.otodom.pl/pl/oferta/dwupoziomowe-w-swietnej-lokalizacji-wawer-ID4vnQD,201094636,1240000.0,"ul. Korkowa, Marysin Wawerski, Wawer, Warszawa, mazowieckie",89m²,5,miejskie,3/3,1 550 zł,do zamieszkania,wtórny,pełna własność,biuro nieruchomości,2008,nie,blok,,,balkon | garaż/miejsce parkingowe
https://www.otodom.pl/pl/oferta/przytulne-mieszkanie-na-wawrze-ID4xqkh,915094636,649000.0,"ul. Korkowa, Marysin Wawerski, Wawer, Warszawa, mazowieckie",50m²,3,brak informacji,> 10/17,0,brak informacji,wtórny,brak informacji,biuro nieruchomości,1988,nie,,,,
https://www.otodom.pl/pl/oferta/wyjatkowe-mieszkanie-z-antresola-i-klimatyzacja-ID4wpyq,643094637,1200000.0,"ul. Żegańska, Międzylesie, Wawer, Warszawa, mazowieckie",130m²,4,miejskie,3/3,1 500 zł,do zamieszkania,wtórny,pełna własność,biuro nieruchomości,1952,nie,kamienica,plastikowe,,
https://www.otodom.pl/pl/oferta/nowy-marysin-vii-ID4ul3p,394094636,,,43 - 87 m²,,,,,,,,deweloper,,,,,brak informacji,
https://www.otodom.pl/pl/oferta/wawer-korkowa3-pok-balkon-pkp-goclawek-20min-las-ID4vu6u,781094636,685000.0,"ul. Korkowa, Marysin Wawerski, Wawer, Warszawa, mazowieckie",47m²,3,miejskie,6/10,brak informacji,brak informacji,wtórny,pełna własność,biuro nieruchomości,1965,tak,blok,plastikowe,,balkon | piwnica
https://www.otodom.pl/pl/oferta/mieszkanie-z-ogrodkiem-2-poziomowe-2x-parking-ID4vzkq,697094636,1100000.0,"ul. Ogórkowa, Nadwiśle, Wawer, Warszawa, mazowieckie",120m²,4,piece kaflowe,1/1,brak informacji,do zamieszkania,wtórny,pełna własność,biuro nieruchomości,2020,nie,szeregowiec,plastikowe,,ogródek | garaż/miejsce parkingowe | dwupoziomowe
https://www.otodom.pl/pl/oferta/2-pokojowe-mieszkanie-w-falenicy-z-ogrodkiem-i-tarasem-ID4x4o7,679094636,785000.0,"ul. Jagienki, Falenica, Wawer, Warszawa, mazowieckie",49.16m²,2,kotłownia,parter/3,brak informacji,do zamieszkania,wtórny,pełna własność,prywatny,2012,nie,blok,plastikowe,monitoring / ochronateren zamknięty,ogródek | taras | garaż/miejsce parkingowe | pom. użytkowe
https://www.otodom.pl/pl/oferta/5-pokojowe-mieszkanie-124m2-ogrodek-bezposrednio-ID4u8Wu,133094637,,"ul. Wiązana, Zerzeń, Wawer, Warszawa, mazowieckie",124.77m²,5,brak informacji,1/1,brak informacji,do wykończenia,pierwotny,pełna własność,deweloper,2026,nie,,,teren zamknięty,balkon | ogródek | garaż/miejsce parkingowe | dwupoziomowe
https://www.otodom.pl/pl/oferta/69m2-3-pokoje-od-dewelopera-wawer-ID4xkBK,111094637,1055000.0,"Międzylesie, Wawer, Warszawa, mazowieckie",69.44m²,3,miejskie,1/3,brak informacji,do wykończenia,pierwotny,pełna własność,biuro nieruchomości,2025,tak,apartamentowiec,plastikowe,,balkon | garaż/miejsce parkingowe
https://www.otodom.pl/pl/oferta/atal-s-a-osiedle-poematu-iii-ID4qXwR,547094637,,,28.95 - 81.49 m²,,,,,,,,deweloper,,,,,monitoring,
https://www.otodom.pl/pl/oferta/91m2-dwupoziomowy-apartament-2-tarasy-wawer-ID4xkDE,891094637,1388000.0,"Międzylesie, Wawer, Warszawa, mazowieckie",91.34m²,2,miejskie,2/3,brak informacji,do wykończenia,pierwotny,pełna własność,biuro nieruchomości,2025,tak,apartamentowiec,plastikowe,,garaż/miejsce parkingowe | dwupoziomowe
https://www.otodom.pl/pl/oferta/przytulne-mieszkanko-z-niewielkim-balkonem-do-wlasnej-aranzacji-ID4xeMa,911094637,459000.0,"Marysin Wawerski, Wawer, Warszawa, mazowieckie",36.75m²,2,miejskie,3/4,706 zł,do remontu,wtórny,pełna własność,biuro nieruchomości,1950,nie,blok,plastikowe,,balkon | piwnica
https://www.otodom.pl/pl/oferta/nowe-dobra-lokalizacja-0-prowizji-pcc-ID4xjwv,714094638,740389.0,"ul. Goździków, Marysin Wawerski, Wawer, Warszawa, mazowieckie",43.18m²,3,miejskie,3/5,brak informacji,do wykończenia,pierwotny,pełna własność,biuro nieruchomości,2026,tak,apartamentowiec,,monitoring / ochrona,taras | balkon | garaż/miejsce parkingowe | piwnica
https://www.otodom.pl/pl/oferta/jeziorowa-house-ID4u9wf,161094638,,,82 - 82 m²,,,,,,,,deweloper,,,,,brak informacji,
https://www.otodom.pl/pl/oferta/duza-przestrzen-art-deco-ID4nHvB,590094637,3900000.0,"Radość, Wawer, Warszawa, mazowieckie",180.1m²,3,inne,2/2,0,brak informacji,wtórny,brak informacji,biuro nieruchomości,2020,tak,apartamentowiec,,,balkon | taras | garaż/miejsce parkingowe | pom. użytkowe
https://www.otodom.pl/pl/oferta/marysin-wawerski-3-pok-mieszkanie-na-sprzedaz-ID4xgaP,652094638,690000.0,"Marysin Wawerski, Wawer, Warszawa, mazowieckie",47m²,3,miejskie,4/10,600 zł,do zamieszkania,wtórny,pełna własność,biuro nieruchomości,1969,tak,blok,plastikowe,,piwnica | oddzielna kuchnia
https://www.otodom.pl/pl/oferta/marysin-wawerski-3-pokojowe-przytulne-mieszkanie-ID4xfWK,845094638,685000.0,"ul. Korkowa, Marysin Wawerski, Wawer, Warszawa, mazowieckie",47m²,3,miejskie,6/10,650 zł,do zamieszkania,wtórny,pełna własność,biuro nieruchomości,1965,tak,blok,plastikowe,monitoring / ochrona,balkon | garaż/miejsce parkingowe | oddzielna kuchnia
https://www.otodom.pl/pl/oferta/4-pokoje-86-m2-w-wa-miedzylesie-blisko-skm-bezposrednio-ID4xfp9,169094638,1649000.0,"ul. Rogatkowa, Międzylesie, Wawer, Warszawa, mazowieckie",86m²,4,brak informacji,2,brak informacji,do zamieszkania,wtórny,pełna własność,prywatny,2019,tak,blok,,,balkon | garaż/miejsce parkingowe
https://www.otodom.pl/pl/oferta/eleganckie-mieszkanie-przy-trakcie-lubelskim-ID4t4Z5,570094638,950000.0,"ul. Trakt Lubelski, Nadwiśle, Wawer, Warszawa, mazowieckie",59.32m²,2,miejskie,3/3,630 zł,do zamieszkania,wtórny,brak informacji,biuro nieruchomości,2021,tak,blok,,monitoring / ochrona,balkon | garaż/miejsce parkingowe | piwnica
https://www.otodom.pl/pl/oferta/wysoki-standard-86m2-4-pokoje-garaz-ID4xdrq,711094638,1489000.0,"ul. Naddnieprzańska, Marysin Wawerski, Wawer, Warszawa, mazowieckie",86m²,4,brak informacji,1/4,1 600 zł,do zamieszkania,wtórny,pełna własność,biuro nieruchomości,2013,nie,,,,garaż/miejsce parkingowe | pom. użytkowe
https://www.otodom.pl/pl/oferta/2-pokoje-do-wlasnej-aranzacji-ID4xcJO,948094638,489000.0,"ul. Korkowa, Marysin Wawerski, Wawer, Warszawa, mazowieckie",37m²,2,miejskie,parter/4,350 zł,do remontu,wtórny,pełna własność,biuro nieruchomości,1968,nie,dom wolnostojący,plastikowe,monitoring / ochrona,garaż/miejsce parkingowe | piwnica
https://www.otodom.pl/pl/oferta/nowe-2-pokoje-garaz-44-m2-wawer-ul-gozdzikow-ID4xcDA,279094638,690000.0,"ul. Goździków, Marysin Wawerski, Wawer, Warszawa, mazowieckie",44m²,2,brak informacji,1/5,750 zł,do zamieszkania,wtórny,pełna własność,biuro nieruchomości,2023,nie,,,,balkon | garaż/miejsce parkingowe
https://www.otodom.pl/pl/oferta/zwolenska-trakt-ID4umh7,965094638,,,40 - 54 m²,,,,,,,,deweloper,,,,,brak informacji,
https://www.otodom.pl/pl/oferta/taras-i-dwa-poziomy-komfortu-wymarzone-mieszkanie-ID4vtaD,220094638,1600000.0,"ul. Wodniaków, Zerzeń, Wawer, Warszawa, mazowieckie",137.94m²,4,brak informacji,1/1,200 zł,do wykończenia,wtórny,pełna własność,biuro nieruchomości,2023,nie,,,,taras | garaż/miejsce parkingowe
https://www.otodom.pl/pl/oferta/mieszkanie-4-pok-w-apartamenty-nowy-marysin-ID4wvZF,458094639,1438936.0,"ul. Bluszczowa, Marysin Wawerski, Wawer, Warszawa, mazowieckie",87.74m²,4,miejskie,parter/5,brak informacji,do wykończenia,pierwotny,użytkowanie wieczyste / dzierżawa,biuro nieruchomości,2026,tak,blok,plastikowe,,ogródek | garaż/miejsce parkingowe
https://www.otodom.pl/pl/oferta/3-pokojowe-mieszkanie-z-ogrodkiem-na-marysinie-ID4wx0b,902094638,1024522.0,"ul. Bluszczowa, Marysin Wawerski, Wawer, Warszawa, mazowieckie",61.72m²,3,miejskie,1/5,brak informacji,do wykończenia,pierwotny,użytkowanie wieczyste / dzierżawa,biuro nieruchomości,2026,nie,blok,plastikowe,,balkon | garaż/miejsce parkingowe
https://www.otodom.pl/pl/oferta/bezczynszowe-2x-garaz-zamkniete-osiedle-ID4xaZv,301094639,799000.0,"Nadwiśle, Wawer, Warszawa, mazowieckie",67m²,3,gazowe,2/2,0 zł,do wykończenia,wtórny,pełna własność,biuro nieruchomości,2025,nie,,plastikowe,teren zamknięty,balkon | ogródek | garaż/miejsce parkingowe
https://www.otodom.pl/pl/oferta/mieszkanie-3-pokojowe-ogrodek-garaz-miejsce-elektryczne-ID4x6Vz,723094639,950000.0,"Falenica, Wawer, Warszawa, mazowieckie",55.71m²,3,brak informacji,parter/5,brak informacji,do zamieszkania,wtórny,pełna własność,prywatny,2023,tak,blok,plastikowe,monitoring / ochronateren zamknięty,ogródek | taras | garaż/miejsce parkingowe
https://www.otodom.pl/pl/oferta/3-pokojowy-apartament-w-miedzylesiu-garaz-komorka-ID4x44Y,375094639,1156000.0,"ul. Kożuchowska, Międzylesie, Wawer, Warszawa, mazowieckie",68.04m²,3,miejskie,4/4,740 zł,do zamieszkania,wtórny,pełna własność,biuro nieruchomości,2021,tak,apartamentowiec,plastikowe,monitoring / ochrona,balkon | garaż/miejsce parkingowe | piwnica
https://www.otodom.pl/pl/oferta/okazja-mieszkanie-63-m2-ID4x2Tk,225094639,799000.0,"ul. Ogórkowa, Nadwiśle, Wawer, Warszawa, mazowieckie",63m²,3,brak informacji,1/2,0 zł,brak informacji,wtórny,pełna własność,biuro nieruchomości,2002,nie,,,,
https://www.otodom.pl/pl/oferta/4-pokojowe-praga-poludnie-goclaw-ID4vaCl,606094639,1049000.0,"Gocław, Praga-Południe, Warszawa, mazowieckie",105.1m²,4,miejskie,1/3,2 108 zł,do zamieszkania,wtórny,pełna własność,biuro nieruchomości,1998,nie,blok,,monitoring / ochrona,
https://www.otodom.pl/pl/oferta/przestronne-bezczynszowe-mieszkanie-120-m-wawer-ID4x0E6,304094639,980000.0,"ul. Celulozy, Nadwiśle, Wawer, Warszawa, mazowieckie",120m²,3,brak informacji,1/2,brak informacji,brak informacji,wtórny,pełna własność,biuro nieruchomości,2016,nie,,,,
https://www.otodom.pl/pl/oferta/mieszkanie-developerskie-z-poddaszem-na-wawrze-ID4viUx,661094639,1150000.0,"ul. Dzięcioła, Nadwiśle, Wawer, Warszawa, mazowieckie",86.25m²,4,inne,1/1,brak informacji,do wykończenia,wtórny,pełna własność,biuro nieruchomości,2022,nie,apartamentowiec,plastikowe,,
https://www.otodom.pl/pl/oferta/bliski-wawer-mieszkania-dwupoziomowe-z-ogrodkiem-ID4vXDF,846094639,950000.0,"ul. Klimontowska, Wawer, Wawer, Warszawa, mazowieckie",69.58m²,3,gazowe,1/2,brak informacji,do wykończenia,pierwotny,pełna własność,biuro nieruchomości,2025,nie,,plastikowe,,ogródek | taras | dwupoziomowe
https://www.otodom.pl/pl/oferta/3-pokoje-wawer-2-x-garaz-ogrodek-strych-ID4vYgK,851094639,799000.0,"ul. Borowiecka, Nadwiśle, Wawer, Warszawa, mazowieckie",67m²,3,piece kaflowe,2/2,brak informacji,do wykończenia,wtórny,pełna własność,biuro nieruchomości,2025,nie,,plastikowe,,balkon | ogródek | garaż/miejsce parkingowe
https://www.otodom.pl/pl/oferta/gotowe-3p-zielony-marysin-18-min-do-centrum-skm-ID4vfxX,146094640,954887.0,"Marysin Wawerski, Wawer, Warszawa, mazowieckie",65.19m²,3,miejskie,5/5,0 zł,do wykończenia,pierwotny,brak informacji,biuro nieruchomości,2025,tak,apartamentowiec,,teren zamkniętymonitoring / ochrona,balkon | garaż/miejsce parkingowe
https://www.otodom.pl/pl/oferta/4-pokojowe-mieszkanie-77m2-balkon-bezposrednio-ID4ujk2,804094640,,"ul. Tytoniowa, Marysin Wawerski, Wawer, Warszawa, mazowieckie",77.53m²,4,brak informacji,2/4,brak informacji,do wykończenia,pierwotny,pełna własność,deweloper,2026,tak,,,teren zamknięty,balkon | garaż/miejsce parkingowe
https://www.otodom.pl/pl/oferta/przestronne-dwu-poziomowe-w-super-lokalizacji-ID4vbZ8,590094640,1047000.0,"ul. Żwanowiecka, Miedzeszyn, Wawer, Warszawa, mazowieckie",89m²,4,brak informacji,parter/2,0,do wykończenia,wtórny,pełna własność,biuro nieruchomości,2024,nie,,plastikowe,,balkon | ogródek | garaż/miejsce parkingowe
https://www.otodom.pl/pl/oferta/ustawne-2-pokoje-wawer-zero-prowizji-ID4wTQG,454094641,74145630.0,"Marysin Wawerski, Wawer, Warszawa, mazowieckie",46.37m²,2,brak informacji,1/5,0,do wykończenia,pierwotny,pełna własność,biuro nieruchomości,2025,nie,,,,garaż/miejsce parkingowe | pom. użytkowe
https://www.otodom.pl/hpr/pl/oferta/bezposrednio-przestronne-3-pokojowe-mieszkanie-z-balkonem-ID4xwZe,688094640,799000.0,"ul. Wał Miedzeszyński, Nadwiśle, Wawer, Warszawa, mazowieckie",65.1m²,3,brak informacji,1/4,brak informacji,do zamieszkania,wtórny,brak informacji,prywatny,2002,nie,blok,plastikowe,,balkon | garaż/miejsce parkingowe | oddzielna kuchnia
https://www.otodom.pl/pl/oferta/bezposrednio-piekne-mieszkanie-w-super-lokalizacji-ID4xEND,958094642,799000.0,"ul. Żegańska, Międzylesie, Wawer, Warszawa, mazowieckie",55.73m²,3,miejskie,1/3,620 zł,do zamieszkania,wtórny,pełna własność,prywatny,1955,nie,blok,plastikowe,,
https://www.otodom.pl/pl/oferta/mieszkanie-2-pokojowe-60m2-z-tarasem-ID4xhso,712094642,870000.0,"ul. Południowa, Nadwiśle, Wawer, Warszawa, mazowieckie",60m²,2,gazowe,parter/1,880 zł,brak informacji,wtórny,pełna własność,prywatny,2005,nie,blok,plastikowe,monitoring / ochronateren zamknięty,ogródek | taras | garaż/miejsce parkingowe | pom. użytkowe
https://www.otodom.pl/pl/oferta/67m-2-garaz-miejsce-ogrodek-bezczynszowe-kanalizacja-gaz-wykonczo-ID4xMrc,709094642,1179000.0,"ul. Borowiecka, Nadwiśle, Wawer, Warszawa, mazowieckie",67m²,3,gazowe,1,0 zł,do zamieszkania,wtórny,pełna własność,biuro nieruchomości,2025,nie,szeregowiec,plastikowe,teren zamknięty,balkon | ogródek | garaż/miejsce parkingowe | pom. użytkowe
https://www.otodom.pl/pl/oferta/urocze-mieszkanie-na-wawrze-ID4wmJ0,667094642,399000.0,"ul. Mrówcza, Radość, Wawer, Warszawa, mazowieckie",34.32m²,3,brak informacji,parter/1,550 zł,do zamieszkania,wtórny,brak informacji,biuro nieruchomości,2022,nie,,plastikowe,,
https://www.otodom.pl/pl/oferta/4-pokoje-z-duzym-ogrodem-0-pcc-ID4sYA6,882094643,1402962.0,"ul. Bluszczowa, Marysin Wawerski, Wawer, Warszawa, mazowieckie",87.74m²,4,brak informacji,parter/5,0,do wykończenia,pierwotny,pełna własność,biuro nieruchomości,2025,nie,,,,ogródek | garaż/miejsce parkingowe | pom. użytkowe
https://www.otodom.pl/pl/oferta/nowe-wykonczone-wawer-ID4vPjR,489094643,1350000.0,"ul. Chodzieska, Zerzeń, Wawer, Warszawa, mazowieckie",132.67m²,4,gazowe,1/2,brak informacji,do zamieszkania,wtórny,pełna własność,biuro nieruchomości,2021,nie,szeregowiec,plastikowe,teren zamknięty,balkon | garaż/miejsce parkingowe | dwupoziomowe
https://www.otodom.pl/pl/oferta/zwolenska-trakt-ID4umh7,526094643,,,40 - 54 m²,,,,,,,,deweloper,,,,,brak informacji,
https://www.otodom.pl/pl/oferta/jeziorowa-prestige-house-ID4wtOl,814094643,,,58 - 85 m²,,,,,,,,deweloper,,,,,teren zamknięty,
https://www.otodom.pl/pl/oferta/ogrody-byslawska-ID4ugVi,394094643,,,69 - 75 m²,,,,,,,,deweloper,,,,,brak informacji,
https://www.otodom.pl/pl/oferta/nowy-marysin-vii-ID4ul3p,176094643,,,43 - 87 m²,,,,,,,,deweloper,,,,,brak informacji,
https://www.otodom.pl/pl/oferta/wawer-go-2-0-ID4sKhy,845094643,,,38 - 72 m²,,,,,,,,deweloper,,,,,teren zamknięty,
https://www.otodom.pl/pl/oferta/przestronne-mieszkanie-z-ogrodkiem-na-sprzedaz-ID4vvxK,265094643,1340000.0,"ul. Goździków, Marysin Wawerski, Wawer, Warszawa, mazowieckie",92.26m²,5,miejskie,parter/5,1 650 zł,do zamieszkania,wtórny,pełna własność,biuro nieruchomości,2019,tak,blok,,monitoring / ochrona,ogródek | garaż/miejsce parkingowe
https://www.otodom.pl/pl/oferta/apartament-z-tarasem-na-dachu-art-deco-180-m2-ID4w1bP,818094643,3499000.0,"Nadwiśle, Wawer, Warszawa, mazowieckie",180.1m²,3,gazowe,2/2,1 000 zł,do zamieszkania,wtórny,pełna własność,biuro nieruchomości,2020,nie,,,,balkon | ogródek | taras | garaż/miejsce parkingowe | pom. użytkowe
https://www.otodom.pl/pl/oferta/3-pokoje-48m2-do-wprowadzenia-ID4vHHM,695094643,685000.0,"ul. Korkowa, Marysin Wawerski, Wawer, Warszawa, mazowieckie",48m²,3,brak informacji,6/10,brak informacji,brak informacji,wtórny,brak informacji,biuro nieruchomości,1965,tak,blok,,,balkon | piwnica
https://www.otodom.pl/pl/oferta/kompaktowe-mieszkanie-blisko-czd-i-skm-ID4vHHr,939094643,372000.0,"ul. Dzięcieliny, Międzylesie, Wawer, Warszawa, mazowieckie",23.3m²,2,miejskie,2/3,0,do remontu,wtórny,brak informacji,biuro nieruchomości,1979,nie,blok,,,
https://www.otodom.pl/pl/oferta/dwupoziomowe-4-pokoje-warszawa-goclawek-ID4vGqn,410094643,1290000.0,"ul. Tytoniowa, Marysin Wawerski, Wawer, Warszawa, mazowieckie",82.75m²,4,gazowe,3/3,0,do zamieszkania,wtórny,pełna własność,biuro nieruchomości,1997,nie,blok,,teren zamknięty,balkon | pom. użytkowe
https://www.otodom.pl/pl/oferta/nowoczesne-4-pokoje-dla-rodziny-ogrodek-ID4vFm2,600094644,1200000.0,"Miedzeszyn, Wawer, Warszawa, mazowieckie",77m²,4,brak informacji,parter/1,600 zł,brak informacji,wtórny,pełna własność,biuro nieruchomości,2023,nie,apartamentowiec,,,balkon | ogródek | taras | garaż/miejsce parkingowe
https://www.otodom.pl/pl/oferta/warszawa-wawer-marysin-blisko-lasu-37-5-m2-ID4vClf,367094644,599000.0,"ul. Korkowa, Marysin Wawerski, Wawer, Warszawa, mazowieckie",37.5m²,2,miejskie,1/10,500 zł,do zamieszkania,wtórny,pełna własność,biuro nieruchomości,1967,tak,blok,plastikowe,monitoring / ochrona,balkon | piwnica
https://www.otodom.pl/pl/oferta/sloneczne-wygodne-wsrod-zieleni-0-rezerwacja-ID4s9vT,505094644,900000.0,"ul. Przewodowa, Miedzeszyn, Wawer, Warszawa, mazowieckie",75.82m²,4,gazowe,1/1,brak informacji,do zamieszkania,wtórny,pełna własność,biuro nieruchomości,2007,nie,dom wolnostojący,plastikowe,teren zamknięty,balkon | garaż/miejsce parkingowe | piwnica
https://www.otodom.pl/pl/oferta/nowe-74m2-3-kawalerki-po-25m2-pkp-miedzylesie-ID4vvKS,832094644,1100000.0,"ul. Zwoleńska, Zerzeń, Wawer, Warszawa, mazowieckie",74m²,3,gazowe,parter/2,brak informacji,do zamieszkania,wtórny,pełna własność,biuro nieruchomości,2024,nie,szeregowiec,plastikowe,monitoring / ochronateren zamknięty,ogródek | garaż/miejsce parkingowe
https://www.otodom.pl/pl/oferta/4-pok-skm-pkp-goclawek-0-prowizji-pcc-ID4vv70,322094644,131806050.0,"ul. Goździków, Marysin Wawerski, Wawer, Warszawa, mazowieckie",89.87m²,4,miejskie,4/5,brak informacji,do wykończenia,pierwotny,pełna własność,biuro nieruchomości,2025,tak,apartamentowiec,,monitoring / ochrona,balkon | garaż/miejsce parkingowe | piwnica
https://www.otodom.pl/pl/oferta/parter-2-pok-do-remontu-aneks-ID4vmu9,940094644,480000.0,"ul. Króla Maciusia, Marysin Wawerski, Wawer, Warszawa, mazowieckie",37m²,2,kotłownia,parter/4,350 zł,do remontu,wtórny,pełna własność,biuro nieruchomości,1966,nie,blok,plastikowe,,
https://www.otodom.pl/pl/oferta/mieszkanie-bezczynszowe-fotowoltaika-zielono-ID4vlBD,759094644,990000.0,"ul. Kościuszkowców, Marysin Wawerski, Wawer, Warszawa, mazowieckie",71m²,3,miejskie,2/2,300 zł,do zamieszkania,wtórny,pełna własność,biuro nieruchomości,1997,nie,blok,plastikowe,,balkon | garaż/miejsce parkingowe
https://www.otodom.pl/pl/oferta/2-pokojowe-mieszkanie-47m2-balkon-bez-prowizji-ID4ujku,390094644,,"ul. Tytoniowa, Marysin Wawerski, Wawer, Warszawa, mazowieckie",47.15m²,2,brak informacji,1/4,brak informacji,do wykończenia,pierwotny,pełna własność,deweloper,2026,tak,,,teren zamknięty,balkon | garaż/miejsce parkingowe
https://www.otodom.pl/pl/oferta/duzy-apartament-z-balkonem-na-warszawskim-goclawiu-ID4u800,252094644,165000035.0,"ul. Floriana Znanieckiego, Gocław, Praga-Południe, Warszawa, mazowieckie",114.4m²,4,miejskie,3/4,1 500 zł,do zamieszkania,wtórny,pełna własność,biuro nieruchomości,1999,tak,blok,drewniane,monitoring / ochrona,garaż/miejsce parkingowe | oddzielna kuchnia
https://www.otodom.pl/pl/oferta/mieszkanie-w-wysokim-standarcie-przestronne-ID4wNh0,616094645,890000.0,"ul. Przylaszczkowa, Falenica, Wawer, Warszawa, mazowieckie",69.9m²,3,miejskie,1/3,600 zł,do zamieszkania,wtórny,pełna własność,biuro nieruchomości,2008,tak,blok,plastikowe,,balkon | garaż/miejsce parkingowe
https://www.otodom.pl/pl/oferta/mieszkanie-zatopione-w-zieleni-ID4vc7H,477094644,995000.0,"ul. Marysińska, Anin, Wawer, Warszawa, mazowieckie",63.5m²,2,inne,1/2,900 zł,do zamieszkania,wtórny,pełna własność,biuro nieruchomości,1954,nie,blok,plastikowe,,garaż/miejsce parkingowe | piwnica
https://www.otodom.pl/pl/oferta/wygodne-2-pokoje-w-wawrze-ID4v9uW,389094645,770000.0,"ul. Mielecka, Sadul, Wawer, Warszawa, mazowieckie",47.8m²,2,miejskie,2/3,brak informacji,do zamieszkania,wtórny,pełna własność,biuro nieruchomości,2016,tak,blok,plastikowe,monitoring / ochrona,balkon | garaż/miejsce parkingowe
https://www.otodom.pl/pl/oferta/niska-zabudowaoddzielna-kuchniapiwnica-18-mkw-ID4v6Mf,167094645,890000.0,"ul. Marysińska, Anin, Wawer, Warszawa, mazowieckie",66.91m²,2,kotłownia,1/2,960 zł,do zamieszkania,wtórny,pełna własność,biuro nieruchomości,1954,nie,,plastikowe,teren zamkniętymonitoring / ochrona,garaż/miejsce parkingowe | piwnica
https://www.otodom.pl/pl/oferta/przy-lesie-i-skm-ID4v5tl,249094645,950000.0,"ul. Kożuchowska, Międzylesie, Wawer, Warszawa, mazowieckie",61m²,3,gazowe,1/4,brak informacji,do zamieszkania,wtórny,pełna własność,biuro nieruchomości,2021,tak,blok,,,balkon | garaż/miejsce parkingowe | piwnica
https://www.otodom.pl/pl/oferta/kawalerka-gotowa-do-wprowadzenia-oddzielna-kuchnia-ID4tjeq,195094645,420000.0,"ul. Starego Doktora, Marysin Wawerski, Wawer, Warszawa, mazowieckie",24.5m²,1,miejskie,parter/4,500 zł,do zamieszkania,wtórny,pełna własność,biuro nieruchomości,1970,nie,blok,plastikowe,monitoring / ochrona,piwnica | oddzielna kuchnia
https://www.otodom.pl/pl/oferta/52m2-2-pokoje-od-dewelopera-wawer-ID4wU2s,303094645,755000.0,"Międzylesie, Wawer, Warszawa, mazowieckie",52.06m²,2,miejskie,parter/3,brak informacji,do wykończenia,pierwotny,pełna własność,biuro nieruchomości,2025,tak,apartamentowiec,plastikowe,monitoring / ochrona,
https://www.otodom.pl/pl/oferta/mieszkanie-na-kameralnym-osiedlu-2p-44-m2-wawer-ID4w9y7,864094645,639000.0,"Falenica, Wawer, Warszawa, mazowieckie",43.42m²,2,miejskie,1/3,650 zł,do zamieszkania,wtórny,pełna własność,biuro nieruchomości,2007,tak,blok,plastikowe,,
https://www.otodom.pl/hpr/pl/oferta/urocze-mieszkanie-na-wawrze-ID4wmJ0,736094645,399000.0,"ul. Mrówcza, Radość, Wawer, Warszawa, mazowieckie",34.32m²,3,brak informacji,parter/1,550 zł,do zamieszkania,wtórny,brak informacji,biuro nieruchomości,2022,nie,,plastikowe,,
https://www.otodom.pl/pl/oferta/bezposrednio-naddnieprzanska-30-4-pokoje-winda-tarasy-ID4tVsu,547094646,1595000.0,"ul. Naddnieprzańska 30, Marysin Wawerski, Wawer, Warszawa, mazowieckie",110m²,4,gazowe,3/3,2 000 zł,do zamieszkania,wtórny,pełna własność,prywatny,2013,tak,blok,plastikowe,monitoring / ochronateren zamknięty,balkon | taras | garaż/miejsce parkingowe | piwnica | oddzielna kuchnia
https://www.otodom.pl/pl/oferta/2-pok-bezposrednio-kw-bezpieczne-1-pietro-po-remoncie-zielony-marysin-ID4xKRm,585094647,587700.0,"ul. Króla Maciusia, Marysin Wawerski, Wawer, Warszawa, mazowieckie",34.57m²,2,miejskie,1/4,500 zł,do zamieszkania,wtórny,pełna własność,prywatny,,nie,blok,plastikowe,,balkon | piwnica | oddzielna kuchnia
https://www.otodom.pl/pl/oferta/mieszkanie-na-dachu-78-m-z-tarasem-110m-w-falenicy-wysokie-3-3-m-ID4xIxu,199094647,1400000.0,"Falenica, Wawer, Warszawa, mazowieckie",78m²,3,brak informacji,3/3,1 500 zł,do zamieszkania,wtórny,pełna własność,prywatny,2018,tak,blok,plastikowe,teren zamknięty,taras | garaż/miejsce parkingowe | pom. użytkowe | oddzielna kuchnia
https://www.otodom.pl/pl/oferta/jeziorowa-prestige-house-4-pok-b1-2-27-ID4wwq9,947094647,998000.0,"ul. Jeziorowa, Zerzeń, Wawer, Warszawa, mazowieckie",85.16m²,4,brak informacji,1/1,brak informacji,do wykończenia,pierwotny,pełna własność,deweloper,2026,nie,,plastikowe,teren zamknięty,ogródek | balkon | garaż/miejsce parkingowe
https://www.otodom.pl/pl/oferta/przestronne-i-ciche-mieszkanie-duzy-taras-56m2-ID4weef,500094647,1184000.0,"ul. Floriana Znanieckiego, Gocław, Praga-Południe, Warszawa, mazowieckie",79m²,3,miejskie,parter/4,brak informacji,do zamieszkania,wtórny,spółdzielcze wł. prawo do lokalu,biuro nieruchomości,1991,nie,apartamentowiec,,monitoring / ochrona,taras | ogródek | garaż/miejsce parkingowe | piwnica | oddzielna kuchnia
https://www.otodom.pl/pl/oferta/zwolenska-trakt-ID4umh7,185094647,,,40 - 54 m²,,,,,,,,deweloper,,,,,brak informacji,
https://www.otodom.pl/pl/oferta/wawer-go-2-0-ID4sKhy,131094647,,,38 - 72 m²,,,,,,,,deweloper,,,,,teren zamknięty,
https://www.otodom.pl/pl/oferta/wykonczone-gotowe-mieszkanie-do-wprowadzenia-ID4wBxH,255094647,1550000.0,"ul. Ogórkowa, Nadwiśle, Wawer, Warszawa, mazowieckie",100m²,3,gazowe,1/2,brak informacji,do zamieszkania,wtórny,pełna własność,biuro nieruchomości,2024,nie,szeregowiec,plastikowe,teren zamknięty,balkon | ogródek | garaż/miejsce parkingowe | oddzielna kuchnia | dwupoziomowe
https://www.otodom.pl/pl/oferta/nietuzinkowe-mieszkanie-w-dobrej-cenie-garaz-ogrod-ID4wueQ,413094647,1597000.0,"ul. Czeladnicza, Międzylesie, Wawer, Warszawa, mazowieckie",175.9m²,6,gazowe,parter/3,1 200 zł,do zamieszkania,wtórny,pełna własność,biuro nieruchomości,2004,nie,szeregowiec,drewniane,,taras | balkon | ogródek | garaż/miejsce parkingowe
https://www.otodom.pl/pl/oferta/nowy-marysin-vii-ID4ul3p,446094647,,,43 - 87 m²,,,,,,,,deweloper,,,,,brak informacji,
https://www.otodom.pl/pl/oferta/vista-wawer-ID4ui3m,998094647,,,41 - 77 m²,,,,,,,,deweloper,,,,,brak informacji,
https://www.otodom.pl/pl/oferta/wawer-rodzinne-3-pokoje-oddanie-iv-kw-2025-ID4wdLF,976094647,782925.0,"ul. Zwoleńska, Zerzeń, Wawer, Warszawa, mazowieckie",54.75m²,3,miejskie,1/3,500 zł,do wykończenia,pierwotny,pełna własność,biuro nieruchomości,2025,tak,blok,,teren zamkniętymonitoring / ochrona,balkon | garaż/miejsce parkingowe
https://www.otodom.pl/pl/oferta/wawer-ul-zwolenska-oddanie-iv-kw-2025-ID4wdKs,270094648,614471.0,"ul. Zwoleńska, Zerzeń, Wawer, Warszawa, mazowieckie",42.97m²,2,miejskie,1/3,500 zł,do wykończenia,pierwotny,pełna własność,biuro nieruchomości,2025,tak,blok,,teren zamkniętymonitoring / ochrona,balkon | garaż/miejsce parkingowe
https://www.otodom.pl/pl/oferta/wawer-2-pokoje-oddanie-iv-kw-2025-ID4wdJF,383094648,574390.0,"ul. Zwoleńska, Zerzeń, Wawer, Warszawa, mazowieckie",40.45m²,2,miejskie,parter/3,500 zł,do wykończenia,pierwotny,pełna własność,biuro nieruchomości,2025,tak,blok,,teren zamkniętymonitoring / ochrona,balkon | garaż/miejsce parkingowe
https://www.otodom.pl/pl/oferta/trzy-pokojowe-mieszkanie-ogrodkiem-na-wawrze-ID4w7YH,299094648,1399000.0,"ul. Trakt Lubelski, Zerzeń, Wawer, Warszawa, mazowieckie",93.36m²,3,gazowe,brak informacji,196 zł,do zamieszkania,wtórny,pełna własność,biuro nieruchomości,2021,nie,szeregowiec,plastikowe,monitoring / ochrona,taras | balkon | ogródek | garaż/miejsce parkingowe
https://www.otodom.pl/pl/oferta/park-kameralne-osiedle-5-pokoi-ID4uMep,345094648,1252000.0,"ul. Zagórzańska, Aleksandrów, Wawer, Warszawa, mazowieckie",94.13m²,5,gazowe,parter/2,240 zł,do wykończenia,pierwotny,pełna własność,biuro nieruchomości,2024,nie,apartamentowiec,plastikowe,teren zamknięty,ogródek | garaż/miejsce parkingowe | dwupoziomowe
https://www.otodom.pl/pl/oferta/duze-mieszkanie-z-ogrodem-ID4uBX8,968094648,1550000.0,"ul. Sezam, Marysin Wawerski, Wawer, Warszawa, mazowieckie",180m²,5,inne,parter/1,brak informacji,do zamieszkania,wtórny,pełna własność,biuro nieruchomości,1996,nie,kamienica,plastikowe,,balkon | ogródek | garaż/miejsce parkingowe | piwnica
https://www.otodom.pl/pl/oferta/0-prowizji-oferta-derweloperska-3-pokoje-ID4uAXo,452094648,1003442.0,"Marysin Wawerski, Wawer, Warszawa, mazowieckie",67.94m²,3,inne,5/5,600 zł,do wykończenia,pierwotny,pełna własność,biuro nieruchomości,2025,tak,blok,plastikowe,,balkon | garaż/miejsce parkingowe | pom. użytkowe
https://www.otodom.pl/pl/oferta/4-pokojowe-mieszkanie-107m2-ogrodek-ID4u8Wv,955094648,,"ul. Wiązana, Zerzeń, Wawer, Warszawa, mazowieckie",107.59m²,4,brak informacji,parter/1,brak informacji,do wykończenia,pierwotny,pełna własność,deweloper,2026,nie,,,teren zamknięty,ogródek | garaż/miejsce parkingowe | dwupoziomowe
https://www.otodom.pl/pl/oferta/ogrody-byslawska-ID4ugVi,953094648,,,69 - 75 m²,,,,,,,,deweloper,,,,,brak informacji,
https://www.otodom.pl/hpr/pl/oferta/jeziorowa-prestige-house-4-pok-b1-2-27-ID4wwq9,104094648,998000.0,"ul. Jeziorowa, Zerzeń, Wawer, Warszawa, mazowieckie",85.16m²,4,brak informacji,1/1,brak informacji,do wykończenia,pierwotny,pełna własność,deweloper,2026,nie,,plastikowe,teren zamknięty,ogródek | balkon | garaż/miejsce parkingowe
